ID,RiskScore
0,36.67255299055209
1,54.125174194591104
2,29.352498543438678
3,31.179594322406302
4,36.57326149457664
5,73.74696903739057
6,29.625545868067057
7,28.246010897178213
8,41.89830765897575
9,63.328304673478506
10,39.38535064688194
11,35.93637853958457
12,63.73038348583962
13,34.414186397822505
14,38.64907545226558
15,57.103706384994844
16,21.649130141077666
17,31.98929179684598
18,66.85031988431449
19,76.61049162183458
20,74.79884077003592
21,29.433210663960782
22,60.657635075238694
23,46.601182345332724
24,50.52967687156318
25,28.100275962367114
26,35.377289269846386
27,27.684646699290493
28,53.936869757769024
29,93.07736997502059
30,37.395071195164704
31,58.6593353122713
32,38.046254491541006
33,37.02845149178117
34,40.33185973298399
35,33.45301980559728
36,66.35606484154522
37,50.27742831710722
38,56.532217175742986
39,70.47462508386727
40,65.26532095502701
41,51.246910618956676
42,71.27033976257746
43,29.262018830397775
44,58.50524171035118
45,30.615651300577223
46,41.55840174509701
47,69.76515062781102
48,28.039842764070652
49,31.13289995062602
50,59.24039255859591
51,53.535924373176556
52,47.04926947407594
53,40.49621852999725
54,38.05990776728045
55,43.88946805446179
56,69.54761148270049
57,37.02279075376218
58,41.76961590103258
59,54.756385733212625
60,69.4890977581265
61,46.10540887269297
62,29.68046140799846
63,77.42693251540624
64,33.03939172830252
65,36.71637330642383
66,56.48099541826318
67,68.58495092794315
68,35.52490825950926
69,61.53022919384894
70,35.06610558408461
71,40.650768850612295
72,49.4848879021329
73,58.445953520122764
74,51.74459127487077
75,59.301491116481955
76,67.22105335696637
77,23.66488215223267
78,42.685505523646086
79,58.39269050910218
80,67.51280049349799
81,55.95948700429057
82,55.00371802957296
83,42.236242693135196
84,68.34094796116901
85,69.4810387538975
86,55.90336384936417
87,20.928588928341888
88,46.264210238954796
89,74.96590387888816
90,39.72208260008712
91,46.81057514752373
92,37.83889260627147
93,26.132373741516414
94,44.43514924040944
95,37.57099583351469
96,37.46731449752493
97,66.60068635157322
98,39.20712783696119
99,60.78586782148115
100,32.38791125646324
101,30.706223923745306
102,71.13260831322133
103,81.547914061991
104,26.393784802084483
105,84.2471475772646
106,65.20011459977577
107,69.38762569986929
108,35.31693171557299
109,79.72942751456944
110,45.779708358097324
111,62.463102848615875
112,75.48726072500061
113,65.54743141641211
114,63.41877138678803
115,40.222012383221184
116,70.7589380456092
117,51.54056408607272
118,46.1707287009777
119,54.27322550551787
120,36.80941082805148
121,70.56427788588223
122,40.051076519742466
123,50.59324025730719
124,39.61800036114188
125,64.39200336427665
126,20.867969715690517
127,24.973977436293577
128,34.33756259785712
129,71.9212514994457
130,26.386583572755097
131,62.903741560439144
132,74.72714966881198
133,76.05227461009733
134,26.30859613068525
135,44.74358575187637
136,21.942525115146903
137,45.216242869638535
138,32.73117942568645
139,51.48487827958553
140,41.365237110010256
141,43.80113236842084
142,22.42551914431844
143,22.961587948630164
144,67.09620292853594
145,27.84395293920484
146,48.04106612146049
147,69.33624961484482
148,68.73815455572355
149,72.84025747493669
150,49.48301895334504
151,36.62867907366808
152,70.26296605418685
153,57.716564953539745
154,61.21022491906107
155,35.56661951134037
156,62.67917963806014
157,64.70588688001479
158,62.21485918371337
159,64.89362591909162
160,39.53602989327811
161,41.50184008643174
162,66.68158794327054
163,48.95347212617294
164,52.318373168320065
165,49.48057782495232
166,41.21104885558385
167,33.305731869659766
168,35.76989780142846
169,31.33182856586451
170,45.47360294749595
171,48.93139653140827
172,59.16719022630057
173,51.20202755164807
174,43.26617715767975
175,55.344739220085216
176,58.19737076820142
177,41.45682245806411
178,27.948282373185954
179,72.50543586382642
180,52.23106652164516
181,32.89571518169657
182,64.93431599422584
183,58.45537839299586
184,74.14737575658344
185,69.74318867017655
186,77.4535266584231
187,61.893589000310875
188,32.37943621207188
189,14.434397341127411
190,28.77826886560189
191,71.66536712901325
192,54.24121199346007
193,28.058442279398463
194,62.30687188611684
195,30.132711182902916
196,29.977927822388374
197,63.087936093818946
198,70.15649822202255
199,40.39355191811609
200,27.062557907663802
201,53.698864737296034
202,32.048279781481824
203,31.09932671690884
204,72.99535937916605
205,57.95672224844719
206,65.89615858386597
207,40.694006534612726
208,52.38318770801867
209,62.003847869822835
210,35.1772643508248
211,31.847603944352016
212,66.93617416841066
213,61.3391205755163
214,43.141409815230716
215,52.22232225769141
216,66.19397484843037
217,69.88664304743315
218,47.97328921560495
219,35.30789697319982
220,32.882122986971574
221,32.69767496443545
222,33.67074752240854
223,52.68128460049895
224,31.908999714522757
225,63.271247951374264
226,53.7475478266787
227,32.264807571738984
228,44.38233907867368
229,37.4175351458968
230,47.49580393336623
231,47.35259983155265
232,42.376924497244445
233,52.287241407963634
234,66.1361940424086
235,54.137810740762376
236,27.292407735477386
237,48.75514641046857
238,59.463672032328304
239,29.14492341774899
240,63.908041721940045
241,74.76732326867551
242,41.955384852096174
243,68.27956540720272
244,65.24413404992924
245,69.2560087988509
246,20.293292945246428
247,45.33988879915819
248,79.13545140531158
249,19.983746996299384
250,60.517015787679476
251,30.210668697072848
252,44.26074874563371
253,51.63752137217256
254,46.84847357699831
255,32.445562011638756
256,49.69571913595902
257,63.487289150232435
258,59.94055203403002
259,32.79986583400746
260,47.57958163691595
261,45.92816459486596
262,25.196567966818424
263,80.05404213229997
264,57.71104078232747
265,23.12426652810612
266,53.16192549810119
267,22.682565593420332
268,64.27758202693462
269,84.81336384964277
270,59.310274781093895
271,71.40532699664315
272,28.586047770529234
273,41.98346170166482
274,36.58325043783991
275,51.624944588430424
276,64.18454977150466
277,42.726416600316156
278,57.3174763030147
279,26.061306696101685
280,59.93111390995736
281,55.173320610808275
282,57.42125213588727
283,50.28768749665902
284,40.15208043661461
285,28.78587829706669
286,33.10138204816603
287,74.21673380751199
288,47.08136788166853
289,37.481894180776585
290,52.917554331729136
291,46.62741377664823
292,50.301292038462506
293,62.82055188045005
294,29.172547063928356
295,65.22791210915958
296,67.06131396820132
297,42.14929374284365
298,45.201942197481394
299,71.60132325296027
300,43.935557749948416
301,73.82933845633012
302,62.30189467369591
303,36.83063964583332
304,56.398665857201095
305,26.54224847505499
306,34.80101010280529
307,65.78382467521061
308,53.290509895747576
309,39.140432679009656
310,63.17104580071817
311,52.30206319729487
312,47.857010265765396
313,50.77917822858619
314,61.54484240549621
315,76.22338475272775
316,47.77856681142504
317,36.98920406664121
318,67.06702035826
319,39.63827092812299
320,26.508770559241277
321,41.39501666116898
322,70.29662608292475
323,73.56576323568919
324,85.11259855161515
325,42.48759177750921
326,81.00583756864572
327,28.809895716707835
328,49.20736394817111
329,28.646404889719705
330,42.155688633723955
331,82.65145835203151
332,21.80549187329319
333,60.93548039156807
334,53.467990812543235
335,57.71484452905707
336,58.355585191786936
337,34.68965071690231
338,41.45710787430292
339,45.149383653340315
340,71.30362090434714
341,75.45365220821856
342,72.71433604418229
343,62.06900737245862
344,31.587887660372218
345,28.23709652030851
346,37.94648072759249
347,44.9215227441815
348,42.53848112158943
349,33.95411513412502
350,51.50127589078583
351,31.508652627755097
352,58.88475762614169
353,25.752898744627007
354,38.013667986250866
355,37.53384346152728
356,22.83713730912257
357,25.979834720766213
358,31.570700881621555
359,69.55902392338746
360,29.304575980284014
361,21.73023408274268
362,37.45725899499034
363,58.24698762836979
364,46.53078679206375
365,49.82683486047499
366,48.18368870251025
367,38.979571864364516
368,70.37696137444505
369,55.55401974606308
370,39.54885618868374
371,32.267449431864584
372,30.34555844325292
373,71.37449347400064
374,51.96337810913166
375,44.22797639884196
376,25.27414088747213
377,57.85174335297887
378,52.6747124374637
379,73.62700919823186
380,41.15109075013974
381,33.711767250438086
382,60.72708351693809
383,70.65282728248957
384,46.28734844242028
385,62.51274489383025
386,27.7913637137784
387,27.892123008104146
388,56.73053433073432
389,40.56187004361477
390,62.87395588280496
391,67.88202937595085
392,57.606842147737595
393,38.288612957777744
394,65.50254840132143
395,67.2475759282948
396,30.74314922127275
397,36.624732131599515
398,76.67727608589607
399,37.65530833796561
400,52.35059515472025
401,58.57645420671951
402,25.156333311599145
403,65.9397492032153
404,65.47990626621797
405,50.467961067503616
406,27.163921028140646
407,65.407051835034
408,47.01247814788245
409,35.87927765230799
410,41.52615909226077
411,37.858485590728435
412,28.77243083767951
413,42.55759230180371
414,54.20227437922534
415,55.41127103686928
416,43.45689666119324
417,37.32050408426586
418,27.295414511348003
419,38.402553478430335
420,23.04602522436051
421,37.688549822071266
422,29.30758827866611
423,58.89067796010871
424,25.146710077559437
425,48.99723320427885
426,39.17080813390071
427,32.66156298202524
428,53.51102413644638
429,34.09180211842397
430,54.28495336902873
431,29.55468549092509
432,65.11885142625573
433,73.20300585072277
434,71.19291638140268
435,52.65158574377753
436,24.1420898643745
437,69.30105808282121
438,47.4079234362332
439,45.05897243871679
440,70.76275039303536
441,34.32003275289671
442,72.86645733822463
443,59.57865164658417
444,68.74153736637726
445,72.81298664887115
446,63.51138236415642
447,52.40370361582798
448,60.89637606659844
449,75.45613773385978
450,65.44977074761823
451,71.73585458972535
452,27.080379366554826
453,57.5891351155177
454,56.75998538192344
455,47.42830391545215
456,46.73861386844116
457,53.3956761093066
458,44.51816417908451
459,54.07654419202394
460,39.49520985287929
461,38.26538409461428
462,25.803040105625723
463,46.195267448982506
464,25.469885798362302
465,53.204728174280326
466,29.37220458711067
467,68.64552451888602
468,50.20461356846228
469,82.93842804347378
470,57.282495417693006
471,71.51334134539977
472,41.13308378098886
473,31.735181142983183
474,27.869481651455835
475,66.74135117537969
476,27.35196990814809
477,69.8605932058741
478,25.442368710405447
479,56.41820435060076
480,52.52272878275285
481,48.14447057794911
482,74.03508583512351
483,42.37272124446656
484,30.971200982496256
485,54.588682091140825
486,65.25521824783658
487,35.53782382745367
488,67.1382478863899
489,26.011130264782004
490,68.41249205422548
491,33.95077827864064
492,75.582018943993
493,36.927702537770884
494,62.432219167126895
495,31.815861393796915
496,88.21096301311744
497,63.581421420611804
498,42.502358958713046
499,27.752247722992408
500,59.57379949223046
501,47.06065134509691
502,65.20085299107627
503,27.522386901974947
504,42.973125468365936
505,44.48675089893549
506,44.83812660841262
507,71.46134280187022
508,22.883407042330926
509,78.10765253946263
510,41.27378905289853
511,62.04615687571066
512,24.806259855948653
513,88.7490516926641
514,68.4445393640319
515,33.39305486892924
516,48.27629349997473
517,48.432449090284955
518,39.460432696669145
519,54.93829823365908
520,61.59379057230994
521,72.46651736256494
522,64.84963071591456
523,33.114697991435634
524,38.198980981268605
525,62.92000910794452
526,46.31668946813258
527,53.43251210230015
528,24.820202025741853
529,36.60684470019716
530,29.524955444724068
531,23.268929092414815
532,40.06978728014114
533,53.12087330158269
534,59.47924069948089
535,36.19927893209105
536,52.71488210604353
537,68.54726425931113
538,68.77909707860417
539,70.26495770941864
540,67.53207045828566
541,33.4627779522268
542,70.25815775053012
543,46.063104200088375
544,59.464906604272926
545,79.3842269275381
546,66.75899524709976
547,59.31007925953821
548,55.19210544965938
549,53.626334109643885
550,44.38035243210787
551,44.076863290189095
552,52.50208025808544
553,35.257482873316285
554,66.10595396738557
555,47.80717831319855
556,42.61228169690777
557,40.01233885837915
558,73.69159348645451
559,43.764819722658046
560,45.69547684439496
561,62.39421645437107
562,71.14574303507412
563,61.796224587819445
564,26.54231094603842
565,70.73347374871788
566,56.71832315754976
567,48.10196751784305
568,53.15294201347352
569,31.894745982695657
570,73.54860784842231
571,36.967766175796086
572,66.40285958183934
573,51.24757236986312
574,45.932577393403804
575,44.115386762713975
576,43.38598268911376
577,33.522632190282195
578,55.69243691895574
579,38.00558480422477
580,31.424334742450693
581,27.567214784422458
582,67.35333691562148
583,43.611465943554286
584,39.14063483590373
585,27.566383483586694
586,78.13552736012643
587,42.054895420720214
588,50.40202513340425
589,35.13196059599922
590,56.88668604713036
591,40.56501763425325
592,77.13106462622441
593,57.361888791246145
594,63.42170666755966
595,27.892083139021004
596,71.78491284573448
597,45.17712396994418
598,49.763123944902716
599,53.91645947912819
600,44.08517725427133
601,64.43158224027852
602,54.04849481453152
603,67.24593178529733
604,62.633672204639105
605,44.45263020199641
606,43.84756273009832
607,65.63130930145581
608,31.966364979336312
609,36.241975868612016
610,59.67368195957501
611,53.232943606535684
612,41.666299645550474
613,42.818367572016214
614,37.077415393305486
615,35.369111268097285
616,29.761483261254973
617,32.02031517732554
618,56.39677877034838
619,37.107470617634235
620,41.88557560583144
621,52.32811481414024
622,56.369943769234105
623,61.04873986453843
624,32.84394115900571
625,71.2514491825722
626,51.548548666514435
627,61.09467156235746
628,74.832310247397
629,32.54623789149802
630,40.596595212625125
631,40.659721197267956
632,74.27575135757235
633,31.552045131145608
634,30.130931727688623
635,46.71521821850938
636,36.41464479342267
637,62.5976699942747
638,35.774022907708215
639,68.1640042816552
640,74.2017001805713
641,43.42011586211084
642,39.68222601331411
643,64.57958577369253
644,55.522213150703465
645,33.45892823075408
646,70.37058183655165
647,63.0748911778009
648,46.8735230224096
649,82.42715406213193
650,31.353822437357376
651,27.686649292451637
652,22.67360872669292
653,30.170155338524467
654,40.531987504448715
655,48.78037080331697
656,33.65211178008498
657,74.85016699369658
658,40.71483013012521
659,46.191800934614996
660,46.35807583890673
661,16.991947108972656
662,26.793506366145053
663,40.76342879475037
664,47.323618892100896
665,65.1744891297484
666,35.73836693312647
667,45.677693433901275
668,65.16325544821945
669,38.32029499219664
670,31.357830213872983
671,33.22491901818354
672,22.02158225758759
673,40.939968549554905
674,34.63797894861789
675,67.3491465229029
676,49.70136014720227
677,36.64943282817728
678,43.26154568384521
679,70.98918332704935
680,70.69447576797666
681,47.538761763541174
682,42.77470351748215
683,57.40846954331746
684,28.873130643026087
685,47.83909610095021
686,71.03798103516272
687,33.688138231594586
688,74.1853693628866
689,57.29185063180373
690,44.96921029836112
691,65.56318515257657
692,74.22392945302036
693,39.08456409328382
694,23.705691700992954
695,68.85065746919344
696,52.521399916781434
697,64.31491717752425
698,67.70531721191236
699,39.098013568270076
700,54.43705499172728
701,44.44962826012737
702,29.26471396312604
703,29.528363764685476
704,28.319308149393
705,25.221875817760054
706,41.173758328569676
707,67.80986000883536
708,51.15697194186152
709,49.722187748103835
710,59.704456164627494
711,59.45224167932327
712,33.286247418676695
713,71.23955700141286
714,70.86051636317893
715,19.771893313436735
716,29.005039089823512
717,58.803761692014014
718,44.1421420289504
719,41.68137915152717
720,61.73014637100244
721,64.84406230494774
722,28.08255312007531
723,36.03006086464581
724,61.00166493691643
725,44.8682914780647
726,30.267454154122134
727,60.31887259455938
728,68.28751640264984
729,27.247591042371774
730,31.607923711512708
731,47.172592216436975
732,39.21488130726712
733,49.20327189448953
734,42.37199079991623
735,24.154484411898704
736,57.611433531582584
737,42.233174326000096
738,42.745079700782554
739,28.115163212718024
740,29.249781354335063
741,67.75444065975843
742,54.017860456725295
743,43.47623281624731
744,28.502638699270722
745,50.25268864454411
746,66.39172123234258
747,55.628551045073145
748,39.95138634484181
749,44.596175847859556
750,67.90732681835047
751,45.653617313078115
752,80.91963441491316
753,48.900175360682496
754,39.302583402046544
755,44.7194122071347
756,25.433635632991788
757,69.39248646444454
758,66.82323533766052
759,55.34701768714345
760,31.86678796777838
761,47.79292707397231
762,46.915611646967974
763,46.1752050141693
764,73.22425439303694
765,61.26345912589027
766,24.333049779935155
767,81.9871147608871
768,26.106504988612038
769,42.53465965985875
770,39.52058430776657
771,72.49424417625673
772,58.49768573027305
773,23.956713123701245
774,38.57296683686296
775,49.61362530807043
776,37.46610735503364
777,36.98647189386152
778,42.293038448817384
779,28.6511898548581
780,43.71409664192463
781,46.590930081982854
782,73.77237994423254
783,72.1033286825679
784,37.558801796804474
785,35.849946606596845
786,54.36164742255863
787,68.48920716595788
788,64.15986334610497
789,49.36071035150053
790,65.7653180962717
791,29.790017992219923
792,41.820994903487545
793,34.78720913766922
794,76.53083970054531
795,44.75069355073113
796,52.93544422016201
797,31.429004168607232
798,71.30931890465166
799,60.76798692299023
800,67.308392619828
801,52.27007686016994
802,28.70368929164037
803,52.585504437953944
804,63.140334203674634
805,66.09111087359064
806,65.84281833576031
807,55.24036229446058
808,70.37957698085779
809,47.193754353552634
810,78.02892168712603
811,49.86235774998107
812,27.611086497486326
813,73.8188849266391
814,45.32500202717461
815,69.19724766155025
816,21.754318293527245
817,49.34349056486464
818,62.744362539776645
819,28.623045009654454
820,32.85635619723479
821,50.477951396801124
822,46.99893348980231
823,57.57140494955064
824,76.0192380998405
825,89.66834287330585
826,56.22541919711136
827,43.58755429564579
828,26.436472033652237
829,43.75911713364403
830,39.91783435256758
831,59.968950211960916
832,50.14805839566552
833,49.70507477489852
834,35.068879853046745
835,57.03997567926213
836,34.61399890937201
837,40.83292055241441
838,38.32263839196244
839,52.37389822322091
840,64.98700656634628
841,66.59932890799338
842,58.198116500921024
843,57.87167751107845
844,86.90636261682
845,40.14135291564344
846,46.33244743678682
847,28.83282807800659
848,64.55901731728547
849,46.5281538375961
850,39.90521689705807
851,53.551417320020725
852,42.04391481697218
853,38.35892404001851
854,32.00314349927028
855,28.417554814944776
856,53.526412692994995
857,23.14389321135555
858,39.86123505112414
859,65.10720708707908
860,36.126614313307925
861,43.40476868603554
862,53.883842325852996
863,26.17930027836788
864,24.6918982765008
865,42.05293668052438
866,69.31396445235472
867,34.91613506113907
868,42.69333953137122
869,65.63648453034386
870,28.92854923098274
871,28.223017258561008
872,57.64805467018369
873,44.806308965450526
874,25.102806672666524
875,70.59385050745391
876,29.840241208750534
877,32.15290852060216
878,44.70368517229368
879,27.050398843024976
880,35.42060771270933
881,27.377494736002504
882,71.19941272330459
883,30.467200227851976
884,53.828635517299205
885,29.220984438265447
886,50.11099364681917
887,56.71027665552597
888,70.26447040005758
889,60.49277647732275
890,30.259966544243124
891,36.0907969833326
892,73.4151436397824
893,27.023561643326612
894,45.42919385463823
895,22.17194783576843
896,48.86062238609688
897,44.84069744387901
898,50.754755783492435
899,65.85541479138891
900,35.94174737364329
901,76.14211572534751
902,71.16752983806987
903,75.4000711359816
904,57.49504831746338
905,74.15547568286377
906,47.407236429418376
907,70.66809243821746
908,54.30157156355886
909,53.89713136565578
910,51.63306860920865
911,74.22627114935653
912,79.92274033203107
913,58.85593350883041
914,26.475131068581224
915,43.07081275868913
916,53.9607034423622
917,48.837800171926496
918,26.319546314764143
919,42.27207084402012
920,24.878489260326557
921,30.52714577888549
922,45.06591980672553
923,38.021096756611236
924,66.17077810481456
925,83.46658941072212
926,58.222758235012456
927,42.896581275579194
928,42.717159323795244
929,28.258107507580558
930,35.60935520437903
931,29.635979393341117
932,27.419396185690502
933,51.242723013111465
934,42.55901645893397
935,50.853332888017896
936,64.89049580784311
937,27.37337713751423
938,62.13027851687372
939,54.235996811153235
940,55.441168668305075
941,44.11494804034185
942,48.4851583537847
943,63.838877371258405
944,33.878415454122646
945,77.39667477510838
946,43.38599252838378
947,56.181173215083845
948,53.35589956657512
949,45.95851718240169
950,36.55424955583252
951,44.53587725726535
952,50.929794397547646
953,55.03974451405584
954,42.90225812155745
955,83.27155655312151
956,69.08973854588521
957,42.07753207609606
958,49.939279006331674
959,38.73398552020116
960,35.67385610630077
961,51.07132143020972
962,35.467933538293366
963,72.99313287841565
964,47.03745353531664
965,35.83819505465654
966,37.337956161727334
967,65.74059464071195
968,26.723708786569308
969,24.043049449970738
970,61.6887467885397
971,33.10346024779525
972,26.59921251763949
973,41.92871054339007
974,34.14606792154205
975,40.1301749787293
976,63.06430160933571
977,70.74417082746027
978,61.78673126361209
979,29.21617090353456
980,50.00356038489157
981,37.766843181264704
982,71.66805058058964
983,36.45312488579612
984,46.70260166514946
985,42.081606800989206
986,35.65919290509785
987,71.64591144009634
988,32.7392656818342
989,73.81604177460059
990,40.254832651264806
991,52.1422777867912
992,43.937106604805564
993,28.426736796830163
994,64.7287443495727
995,20.515454075148657
996,52.05973391176366
997,33.94374087175238
998,72.31671527128017
999,31.589490727986252
1000,35.32053139881757
1001,64.45666554044256
1002,36.38099202812178
1003,53.33710722047701
1004,59.74011965748155
1005,23.71038118237378
1006,70.64900066668764
1007,33.370225055069824
1008,60.845488183280594
1009,28.900409827404395
1010,87.21363515356373
1011,36.54737597419444
1012,29.43157940991711
1013,74.04536674563808
1014,51.51787923894256
1015,74.06921461422158
1016,44.498687178417484
1017,53.98626349054926
1018,27.917192416857443
1019,64.17090754923782
1020,26.075248310934917
1021,46.848478061778394
1022,49.06907843512191
1023,60.299736782834614
1024,68.15798359596195
1025,36.60532442348067
1026,32.73401610807383
1027,32.87019461041251
1028,20.906887037213775
1029,27.12997097863447
1030,58.053804425969126
1031,26.94547671464424
1032,40.892573937032246
1033,30.67167449326383
1034,30.49974019012567
1035,67.58403403973143
1036,64.56229739196928
1037,64.48201967920974
1038,49.23688836397166
1039,65.86567443750798
1040,50.03956899843842
1041,28.244917307042254
1042,66.89964486359625
1043,68.18236430617608
1044,25.68549052933517
1045,61.68612280633333
1046,33.700983504882956
1047,39.31685570135903
1048,42.99063051282984
1049,28.346263763338953
1050,37.86397868771776
1051,65.26306361697395
1052,50.48554371523445
1053,51.706022307077944
1054,64.55109743770502
1055,47.8999736295073
1056,28.16178299958472
1057,26.601493841542485
1058,53.86304451650328
1059,27.537729250645192
1060,57.197815122026086
1061,53.31343977118082
1062,72.42859981695192
1063,52.59168827586014
1064,43.28364149980909
1065,55.71528445111139
1066,48.31583374967104
1067,53.07227274764894
1068,43.552591786852744
1069,44.242165617697054
1070,44.98616249815914
1071,24.00650239807264
1072,42.03246369724059
1073,37.93986584482764
1074,54.27035345600791
1075,40.51236224371253
1076,71.78245649975634
1077,45.95378645620673
1078,54.48162753936707
1079,46.14844377525074
1080,29.668551221068963
1081,35.52208757432379
1082,40.57851048251199
1083,63.36186960226516
1084,57.05672800076743
1085,26.60799932222657
1086,30.460803750176183
1087,57.43714988680805
1088,30.566268918177805
1089,40.7515216318656
1090,30.08899354682786
1091,75.44095752981565
1092,59.73061831498792
1093,20.959582013771314
1094,43.2320844208555
1095,65.15464919346171
1096,43.056605220120304
1097,68.2453498690956
1098,65.0184694495903
1099,78.90754822780464
1100,31.234807815003382
1101,25.22384319562521
1102,53.579983309863316
1103,25.744329812112746
1104,55.96019900240604
1105,40.56906949825047
1106,61.49590508248529
1107,58.27044065531319
1108,22.48339777448016
1109,55.36429476631801
1110,53.80490549849431
1111,52.68637415470407
1112,49.72968569509078
1113,30.178318478127835
1114,57.95623463313592
1115,55.41219050518482
1116,45.01697180234518
1117,34.03473790074652
1118,69.32354723982559
1119,37.83423563434492
1120,35.83821468701338
1121,38.68915058110425
1122,31.36257204365539
1123,41.270949357183255
1124,57.61885195185503
1125,29.561439182505897
1126,58.320651085533655
1127,52.85616605997959
1128,45.29315560246933
1129,37.45459580011497
1130,65.98147733052227
1131,76.52729942587897
1132,38.785580804556886
1133,40.22205768961487
1134,58.91896492632602
1135,53.833527951050606
1136,51.7315450937229
1137,55.007407877691634
1138,50.51100673527529
1139,49.011660560350435
1140,54.325060411212974
1141,50.505990493011396
1142,80.02941931136368
1143,27.419340644600524
1144,63.06827844293958
1145,72.52098337217961
1146,31.22482856027168
1147,43.37591910704438
1148,32.25025462439576
1149,76.86315042429833
1150,31.575736135656676
1151,43.95182728957177
1152,33.458104374828395
1153,56.29952753772932
1154,30.65496250330743
1155,38.626422389890735
1156,38.135501408331336
1157,68.08552510128354
1158,66.6150100280548
1159,63.13156153535047
1160,27.5527806019447
1161,56.83757541206143
1162,62.15596084622276
1163,34.07272009553393
1164,67.36930694437865
1165,69.67072939039883
1166,72.95940096451531
1167,62.16381169423391
1168,41.26217892877301
1169,47.77659196261757
1170,27.63094211357046
1171,64.21885196330359
1172,26.63769179828868
1173,55.078698355788944
1174,60.99408506185679
1175,47.18341276459551
1176,59.60181380119479
1177,61.248371422468765
1178,47.24582891707305
1179,26.8457989240053
1180,42.82690395814521
1181,71.73756870770265
1182,51.11945720113707
1183,38.76433043997339
1184,44.47616176002528
1185,37.0630100808817
1186,58.2688332239238
1187,51.90963703643092
1188,29.902960051631798
1189,25.70488196481779
1190,25.07651770266495
1191,58.10931197955098
1192,51.02503567498837
1193,42.975867772399596
1194,42.124016766220905
1195,47.626114200764185
1196,27.112641888890426
1197,66.24858979269524
1198,33.81962231773072
1199,50.27963800122477
1200,57.634740897112316
1201,37.217913807299226
1202,74.10447413425636
1203,60.49893605366768
1204,68.19026500000643
1205,26.923140580871205
1206,31.647501380363888
1207,68.07600726676836
1208,51.966177719218706
1209,62.43750876497214
1210,57.29079157602011
1211,47.08774954451751
1212,71.35640067532782
1213,54.68181456237491
1214,75.69576835014458
1215,59.77961946234669
1216,22.895600311984392
1217,52.09417973193124
1218,33.7549503944138
1219,56.22236199104786
1220,42.66145295268055
1221,46.27100152864148
1222,35.86490135869053
1223,43.94247731071296
1224,31.698759491081205
1225,54.99456364404246
1226,80.9519342221796
1227,59.55662970330385
1228,41.211764268030635
1229,88.32368565949497
1230,41.03388384129481
1231,26.012798892313377
1232,42.31653382963053
1233,60.52717602792022
1234,71.98284785895123
1235,43.7773445718412
1236,75.20340174717666
1237,50.358693502781975
1238,51.415971549889214
1239,31.440604989207444
1240,32.293529291258054
1241,64.33179114502158
1242,35.583840275593865
1243,34.73623610758034
1244,56.47937589049721
1245,51.175586985834364
1246,70.220024516314
1247,55.464950257281416
1248,73.5655216813422
1249,29.396969778542747
1250,52.61423001673283
1251,28.65888799106807
1252,27.86462442670917
1253,28.10792896508992
1254,76.12993440923992
1255,54.58162242809698
1256,46.66869839465413
1257,63.84662593518643
1258,69.08666094378827
1259,67.35542280199583
1260,67.17290858958694
1261,28.64844291011613
1262,37.78153294963455
1263,77.38431132679764
1264,26.316668849499788
1265,59.433347651306306
1266,39.58470478485629
1267,58.70875919013223
1268,38.36596338979321
1269,71.87791759887881
1270,44.41844577434807
1271,37.52723063870252
1272,38.19526054963471
1273,49.395796855289895
1274,72.36290717200141
1275,60.19538375032136
1276,61.79214365929624
1277,31.37532889568361
1278,48.16969169598252
1279,26.734440524899863
1280,83.23217236380748
1281,51.793346065959355
1282,55.09391483217083
1283,40.1044810996554
1284,63.773975001769195
1285,68.81131219147548
1286,40.48743090536294
1287,48.32799217337582
1288,56.54087734541985
1289,62.09848259026342
1290,31.583269984542532
1291,80.36325735231398
1292,46.98131569851627
1293,33.700068716438764
1294,45.53274372424171
1295,64.42097062203794
1296,32.36939263448736
1297,40.12164286292261
1298,46.23812224405245
1299,45.333960551416055
1300,44.332523287223616
1301,68.37811767448986
1302,64.8597289538011
1303,57.45249540179367
1304,62.733560652424615
1305,44.11061717513423
1306,75.08789548687736
1307,28.648527453539828
1308,51.16669538082953
1309,40.73946662352
1310,48.14895761783391
1311,59.067627831176544
1312,66.52287576709864
1313,36.980137272986944
1314,31.550675162450805
1315,27.002593310215666
1316,27.064474242315672
1317,53.0383999065657
1318,28.38970897842508
1319,33.58801620097859
1320,47.13838349666297
1321,41.68480679275548
1322,75.37673532643154
1323,72.45244630168581
1324,50.2486400762099
1325,57.68560013886567
1326,32.40970153559062
1327,32.17355702154588
1328,72.69588422886531
1329,38.36693386656025
1330,66.59767515475369
1331,48.98608591878689
1332,25.476288717809613
1333,34.0725325864331
1334,73.72920380461032
1335,74.01080152714404
1336,68.76646823830669
1337,29.30660650485988
1338,45.62275669699646
1339,52.60525563018409
1340,26.191575737708916
1341,31.53378434649863
1342,26.896239668462133
1343,30.02906157537023
1344,27.663196863959612
1345,36.25891676378672
1346,51.43599725194643
1347,25.590592191939812
1348,63.78644784022137
1349,61.489347556270424
1350,34.10525820388242
1351,56.62256040174536
1352,26.729221421496497
1353,69.55387209636935
1354,72.14630334512964
1355,36.25152431642666
1356,68.3512679762474
1357,38.61678923833895
1358,26.15357195027894
1359,37.82770018600014
1360,45.29412515810952
1361,60.60747635006492
1362,47.40699843317927
1363,34.568990744003415
1364,31.875815312243024
1365,43.77588910484741
1366,39.8755831517302
1367,37.19690791115951
1368,54.39815655066183
1369,40.29103656927073
1370,42.29358033071131
1371,27.580794607784984
1372,33.186582201779835
1373,72.0195309478892
1374,30.97778520394348
1375,26.508911338348575
1376,76.09540915095748
1377,32.39923640556195
1378,64.4789469436354
1379,23.870584537064893
1380,38.731171016891466
1381,41.19111886924961
1382,34.297934173653644
1383,28.443382471644714
1384,62.32077403710353
1385,68.20997063857155
1386,65.72600276270133
1387,49.61314315608154
1388,25.854465163837407
1389,42.19911601652872
1390,79.91338520996372
1391,34.8943798737025
1392,73.17056361248754
1393,72.18121643382372
1394,45.27356013436152
1395,54.56792218678165
1396,33.90189656043406
1397,38.50037244661922
1398,52.204415555841294
1399,45.060247767263064
1400,25.390787926475504
1401,52.327347286026026
1402,37.10214210972296
1403,25.639232667502974
1404,61.37816422000733
1405,77.10664060210348
1406,34.925765168802386
1407,38.58480204003433
1408,54.950152721443075
1409,54.062903175285186
1410,29.563596791856504
1411,43.44713049072808
1412,66.12522908703676
1413,47.50371322143427
1414,54.58338474727947
1415,75.14435338464953
1416,69.56246026637592
1417,30.731113648510124
1418,56.780143489824816
1419,69.5636674212288
1420,59.41230933138154
1421,69.14327574085786
1422,69.3992022378969
1423,52.63680621720172
1424,35.77855202826525
1425,36.80882924232034
1426,36.33338816420988
1427,58.52626526995661
1428,60.58637847202318
1429,33.711515109169866
1430,75.81287292499556
1431,29.11193724701989
1432,22.63739548381613
1433,64.81048159956924
1434,53.849478565489676
1435,51.24035233863191
1436,28.60919878138116
1437,31.077281472098466
1438,77.01437247179419
1439,69.57159853024625
1440,71.46674172270153
1441,32.71866558919665
1442,45.20273007400007
1443,22.899537420484975
1444,41.49395493188451
1445,31.695799512170687
1446,33.23163595273496
1447,80.13052357119645
1448,62.6409743206552
1449,56.01320222552029
1450,51.07259577507543
1451,47.27976673414243
1452,38.58664652721457
1453,67.19723163149897
1454,43.95118761558447
1455,62.66653275055654
1456,65.39560535313223
1457,78.74604862383802
1458,49.15408794736197
1459,64.21568255979008
1460,35.5874708444328
1461,57.65194797080528
1462,64.00122446451586
1463,42.06400299613128
1464,42.23245113188412
1465,48.93757138470406
1466,47.33345965065125
1467,43.86204679935375
1468,46.1192798665157
1469,31.387086216754682
1470,48.61974686331237
1471,40.201628986760525
1472,30.06215871838673
1473,65.94520513639276
1474,46.26229103812996
1475,44.806620843671034
1476,49.18128417411764
1477,53.001549009424934
1478,67.21290751541802
1479,42.979302991618354
1480,45.41659520828229
1481,51.66735193407011
1482,27.161389359221022
1483,44.14163373104927
1484,37.85037252178215
1485,44.206940918059104
1486,62.87083210691462
1487,28.471866155481795
1488,32.772457201343315
1489,29.09328496683202
1490,34.935900137186806
1491,52.460898008046556
1492,48.188656072318835
1493,74.19335244845551
1494,51.50504269637004
1495,57.26234476015351
1496,62.96979294987701
1497,34.69496228090086
1498,57.57192157607081
1499,57.21616328945973
1500,68.7882745731201
1501,46.242813406414
1502,60.256282710867595
1503,51.16823043697704
1504,65.16530617377171
1505,30.25757810559044
1506,75.52446697175635
1507,41.03676305727359
1508,46.89508071136798
1509,42.66171750862637
1510,53.44671077368669
1511,75.69406042203273
1512,58.668586560516864
1513,30.46276444144744
1514,31.297389299532487
1515,62.902681007192136
1516,78.18217644507736
1517,31.373078869924946
1518,77.76538149060721
1519,42.40191992638907
1520,36.624231702014626
1521,50.06358553742578
1522,56.00567671952029
1523,43.22534424687868
1524,38.50998530017681
1525,27.384690118263016
1526,44.119377905776844
1527,31.103976694263416
1528,27.77542883419244
1529,33.67683207839718
1530,72.53585025287637
1531,58.49447701513395
1532,63.702252937766204
1533,52.33737718845606
1534,63.788446602562345
1535,47.13860840393237
1536,51.3671050074784
1537,50.1635795162867
1538,29.100658195316
1539,45.84792987097586
1540,73.13307584178142
1541,44.63737768037888
1542,75.28191701305045
1543,67.96693418261512
1544,51.764198575604524
1545,38.64979595575917
1546,49.21839996256541
1547,67.60687100743067
1548,66.53404123822648
1549,40.68719905398764
1550,31.530641014593385
1551,23.794497433789957
1552,50.196794545587736
1553,56.199064760890806
1554,64.54684449856805
1555,40.83778928047025
1556,31.557799228666475
1557,40.49925087127806
1558,71.90237528649666
1559,58.33169241034068
1560,63.82152471007488
1561,44.57107499063289
1562,65.32170458654284
1563,49.472596292613545
1564,67.08611925442952
1565,33.767272057255376
1566,36.12785554234813
1567,61.46790531207903
1568,48.97716833372975
1569,28.78627859071159
1570,29.72729536167081
1571,41.983252783407885
1572,47.22643537967385
1573,30.620484116969216
1574,67.04051410601514
1575,67.0451725597149
1576,61.37454904186782
1577,30.082580512204498
1578,62.619406143506815
1579,45.88371398200921
1580,67.67028855736325
1581,31.37901630210457
1582,53.733055456779745
1583,48.121548324589476
1584,52.869211215484086
1585,77.72521537900474
1586,37.32380524780834
1587,25.89527933298962
1588,30.151783927664034
1589,38.91025306179976
1590,62.15822971572787
1591,49.01886247558198
1592,26.27946326334335
1593,74.56843103022041
1594,63.663706550808335
1595,44.65101244945377
1596,31.66017003709363
1597,54.12023958924583
1598,51.416127812188975
1599,31.034433491441135
1600,36.5916497063357
1601,71.76013022813376
1602,22.58042581318406
1603,58.30570047800038
1604,53.642508092328185
1605,32.07756240870886
1606,54.23303676621954
1607,69.35452640273563
1608,48.04886650202087
1609,50.500273993573316
1610,58.29101860347764
1611,37.59655874303457
1612,50.615617457930476
1613,29.122510036579428
1614,43.408466902849185
1615,76.32886402815636
1616,46.50990538131744
1617,53.13698136713887
1618,52.133508422420746
1619,32.23388763420607
1620,26.895920389225463
1621,46.02741628772597
1622,60.30087669059432
1623,58.086258087807444
1624,65.32204829244037
1625,73.28821023347831
1626,37.947912548188725
1627,54.69378141838183
1628,26.10532345509994
1629,25.594430658493767
1630,48.79994595141875
1631,62.40068183576995
1632,73.90531145568502
1633,45.59203055078224
1634,44.83389677234832
1635,46.48583504731476
1636,44.33850302643758
1637,39.04107885354915
1638,47.425116975749624
1639,28.091170609281185
1640,46.13868933247842
1641,40.8743628889081
1642,46.15936812926475
1643,58.97924937282874
1644,48.834915836140084
1645,53.582043150041684
1646,59.078752476516044
1647,75.28670452319773
1648,29.7763763490831
1649,63.02933863965827
1650,29.789963451978696
1651,49.37721920758486
1652,41.29663802901324
1653,72.60662834613404
1654,38.30018419907282
1655,57.4138285020689
1656,53.50306768693629
1657,61.17173766621806
1658,71.92226900671011
1659,52.17761881238634
1660,50.255827457854224
1661,33.22690502030611
1662,65.47902439033132
1663,37.147665996788646
1664,80.2498594467001
1665,36.31944055662989
1666,49.47986859261455
1667,49.17524391395352
1668,60.770845146111014
1669,32.760373526740935
1670,49.11443000563008
1671,47.322127090384186
1672,73.7575373846972
1673,36.13955659967735
1674,46.38554875634301
1675,77.87043917255048
1676,73.12110622177686
1677,56.76750667791163
1678,48.39664509974155
1679,41.327399610073826
1680,29.45568615187987
1681,63.527873123062804
1682,56.10554164510897
1683,70.05382349591471
1684,60.03447151194064
1685,42.67829453294808
1686,49.291673510023614
1687,31.774492300326873
1688,70.97019451108602
1689,55.77359803798581
1690,51.73549240594319
1691,73.04557142198817
1692,41.76165892190143
1693,50.29376713330887
1694,65.99343166830715
1695,28.81951092487108
1696,49.97540931506296
1697,31.307644422768405
1698,71.75181490229886
1699,60.743818585999165
1700,33.77184877345897
1701,56.723415975912815
1702,21.793839990561114
1703,39.33008317241046
1704,27.377470999050846
1705,43.33640360294193
1706,68.7323145683015
1707,61.557287866711896
1708,30.46361659537778
1709,66.46646289801085
1710,58.59196866281221
1711,72.98153438542458
1712,40.99048444744955
1713,33.52234708184425
1714,53.107020554944015
1715,48.23550087616402
1716,49.85762464723446
1717,43.29743140570446
1718,55.99692600087033
1719,31.317593040211136
1720,43.60719244698947
1721,22.749588488562644
1722,28.26277118972715
1723,49.946360533820936
1724,48.29378258374096
1725,76.03574810108103
1726,74.32675058530488
1727,46.62228480774011
1728,53.929366166785144
1729,79.74174868922896
1730,48.40067397901764
1731,28.19557664261111
1732,46.69974149362386
1733,70.04436488397278
1734,44.09146103015223
1735,49.96897607444693
1736,27.202295613245056
1737,53.67397868807713
1738,25.947190184409713
1739,47.25049822774203
1740,40.48732766218616
1741,44.7583329480998
1742,30.238991726468836
1743,28.15392156127997
1744,84.72651669921177
1745,57.912736941123505
1746,47.15479488760652
1747,71.9216274938895
1748,78.11777164878423
1749,33.78516031493676
1750,46.12797615508626
1751,46.6653466409597
1752,32.686810056337954
1753,59.128919490286826
1754,72.71415995096476
1755,68.00550017658722
1756,61.57862405816574
1757,30.29463870439721
1758,27.432508121955813
1759,79.33378728893075
1760,31.096955506990803
1761,23.65348421341936
1762,56.67752564760896
1763,59.78060893421385
1764,45.34317715366269
1765,29.501070083112523
1766,64.36289092740014
1767,29.817713947717245
1768,72.22549921699284
1769,64.38662240971189
1770,65.1665608863549
1771,40.15224110523323
1772,74.04038394546318
1773,37.641409400378336
1774,27.00500288087149
1775,36.08693065563348
1776,29.057404976390085
1777,35.25353287346096
1778,40.955868741742705
1779,47.637149592502155
1780,33.24836562363881
1781,40.70036332885316
1782,61.214852989991556
1783,24.77081006394781
1784,64.2782040441335
1785,58.584624761733274
1786,34.19754691951515
1787,51.733754955555526
1788,72.7401098270584
1789,38.23257866562083
1790,49.21461372223459
1791,50.665100360189726
1792,35.48472846625224
1793,42.53698092524859
1794,57.42919054249154
1795,57.18691277452638
1796,71.67559367037478
1797,31.551615823012025
1798,69.0189199903034
1799,33.88922870435547
1800,27.76507544191289
1801,50.53908254935878
1802,53.50977790261786
1803,32.089659247808115
1804,38.06123170657014
1805,63.6142680930192
1806,26.612938886678112
1807,38.22421085244497
1808,50.36978107124975
1809,86.73139472099766
1810,51.12373199432992
1811,26.58657903838654
1812,49.055763460049846
1813,48.93223414355939
1814,38.625925375802666
1815,24.483234437548145
1816,56.74363763135555
1817,41.966876412849075
1818,32.349376303612715
1819,34.857469424049775
1820,67.31323581802891
1821,59.49031375107876
1822,64.84626425089186
1823,39.22230673718017
1824,40.55509372420148
1825,31.48142493482308
1826,30.242218472045433
1827,28.838496182553317
1828,51.8527815004608
1829,61.638837305711334
1830,30.826631877120334
1831,36.78298870359593
1832,42.5984832728802
1833,35.017057350920936
1834,66.9156086123242
1835,31.342872600612218
1836,34.47345728308745
1837,72.56381156896991
1838,57.71391387706807
1839,48.25902198497937
1840,31.42927683494978
1841,27.541582007551156
1842,44.99779638060083
1843,39.432155885628816
1844,46.13349088018581
1845,59.53996526615626
1846,27.14408191068951
1847,54.68833210507048
1848,59.45950688520791
1849,52.58065634627436
1850,45.73458897069848
1851,77.26042774162195
1852,79.91760129656879
1853,29.70957623042394
1854,61.14471186838521
1855,41.46003448404394
1856,73.02274969428777
1857,31.715728926897874
1858,37.08703215972895
1859,51.804549038389524
1860,28.110456709723806
1861,65.21986356321739
1862,50.90262878023886
1863,58.74079434929675
1864,53.23975419088701
1865,61.94053844821276
1866,68.71617507934427
1867,62.87409210501883
1868,60.73078568239427
1869,37.07420897259654
1870,68.04989138814199
1871,27.15651822416314
1872,42.38221398096855
1873,74.1794708357221
1874,35.11201179691358
1875,38.91078299008719
1876,45.766581480521324
1877,40.748872553814095
1878,37.96779633626509
1879,47.081271865247274
1880,71.96655284139733
1881,42.978379588805176
1882,27.026899318481565
1883,39.69476189824425
1884,56.09475222792017
1885,49.62206081557106
1886,55.32676627715233
1887,26.13262500566473
1888,36.312539638066106
1889,32.610754908222745
1890,64.53455829150951
1891,61.74906965395721
1892,68.14952428644173
1893,34.58802855322654
1894,55.784819848931804
1895,25.701328273522865
1896,69.33683596227148
1897,34.72049507742011
1898,29.126614170689365
1899,28.412579706052536
1900,41.951638388984904
1901,41.79878509802248
1902,41.126835679313146
1903,75.37729063680207
1904,29.454846926355593
1905,39.88626129518876
1906,45.73497141930436
1907,57.13720262718095
1908,57.363757803387394
1909,40.63514985677167
1910,60.97584865939
1911,55.384810916137795
1912,47.08112389227446
1913,58.424486547655974
1914,32.34980005753306
1915,73.98700574976526
1916,61.58350789141705
1917,55.49759426533607
1918,36.630992508741926
1919,37.87443696061207
1920,57.547103590101806
1921,78.57107439482589
1922,62.17134619057828
1923,24.65542653937966
1924,46.16306943030074
1925,52.674315941452804
1926,68.24299882897168
1927,23.833074842882077
1928,50.117590504259546
1929,41.27812426228164
1930,49.4986033211748
1931,36.63521627420219
1932,44.95958088837556
1933,31.75133211971703
1934,25.250946154615153
1935,37.33389976386849
1936,73.26425708157407
1937,28.356542198178456
1938,55.603957107258786
1939,56.16150884338683
1940,75.12088876838763
1941,71.13981645149119
1942,41.12766985545542
1943,23.31756840919598
1944,33.751464138875306
1945,27.360090411125242
1946,30.453236197099287
1947,57.30721274800493
1948,49.845020159457384
1949,65.0535345768684
1950,28.50741028714119
1951,40.100561132277406
1952,20.035459752484098
1953,46.70315316597221
1954,66.10763332609187
1955,33.65006528570505
1956,39.91689456729765
1957,88.13409827596027
1958,30.10295305396072
1959,43.43003267042419
1960,34.89703335593783
1961,41.81407537843609
1962,60.345634754561345
1963,66.73686261473622
1964,23.876188692297323
1965,63.66692023218216
1966,26.402269741492898
1967,44.678781414911995
1968,40.335141956770045
1969,27.20077336968932
1970,45.57364880808837
1971,55.59140114028574
1972,58.32606038389898
1973,43.52801559393227
1974,55.89491040144884
1975,59.68842813952378
1976,37.12110403987886
1977,24.609160332461432
1978,52.6441640042959
1979,64.33928549033082
1980,52.12109064481355
1981,14.85054577510213
1982,63.613244460950334
1983,29.973736940067685
1984,38.21167011916912
1985,32.463840407026964
1986,45.54691386919169
1987,26.452513987531503
1988,35.7087541326367
1989,48.29356628872133
1990,43.68452895141568
1991,44.09129570836731
1992,31.988548377621537
1993,57.12387675354431
1994,48.234998908025574
1995,45.4865529013469
1996,73.16676274343361
1997,65.58248681219902
1998,26.98597068605157
1999,46.77600622620152
2000,56.36884156266428
2001,32.69934466672286
2002,59.349904109791744
2003,60.46122216886265
2004,46.55219583750447
2005,49.458144582706055
2006,75.2377001437493
2007,44.82387219583845
2008,44.421831498378374
2009,50.845187906643915
2010,27.239285276882903
2011,44.21234252178587
2012,35.67118092146683
2013,66.35056563172017
2014,67.01236700493239
2015,60.841043182884555
2016,71.34715361621258
2017,29.45058265014582
2018,66.54252541017777
2019,43.918477925312345
2020,37.71108827946344
2021,76.83375545700875
2022,69.95479248377146
2023,49.86072414574656
2024,67.91661874927682
2025,69.48812541760466
2026,41.68615845184195
2027,27.01151623819392
2028,30.13933797959784
2029,23.502988150737487
2030,40.242032595382256
2031,39.51300603877429
2032,64.02513105062559
2033,47.499919645488006
2034,53.3086826454243
2035,39.42526211042221
2036,29.898282908801505
2037,55.8608347914301
2038,48.77246104703117
2039,66.9117899632477
2040,57.28587808611229
2041,47.71260407669912
2042,65.29677909260187
2043,74.66770547265517
2044,26.03112214093699
2045,43.0184517632894
2046,83.05494855360539
2047,38.09045633897664
2048,37.48214422298262
2049,66.64713956724127
2050,44.77815419862854
2051,50.747821291098546
2052,35.13081929905916
2053,41.19938715253774
2054,71.54353603079524
2055,45.981594857801554
2056,71.09543971942304
2057,51.226660146595975
2058,36.31077705783268
2059,50.74200153810858
2060,53.415492504822005
2061,53.157499207725735
2062,74.43281338250213
2063,67.1278014910196
2064,61.90111466026431
2065,67.4182705235138
2066,58.350691685351315
2067,67.95033815701437
2068,26.786594264233656
2069,33.75373488311226
2070,82.36565324024474
2071,48.741290254576555
2072,62.045647126034005
2073,30.921594953387153
2074,66.37998193675239
2075,48.39435883118393
2076,38.62373491277489
2077,30.218856702535412
2078,71.13327298436394
2079,42.49983008345824
2080,73.4890158731069
2081,43.6722782312992
2082,29.302971605882764
2083,41.568996997892995
2084,57.51638690647598
2085,41.364599922329276
2086,71.1630976078317
2087,26.65365516183715
2088,56.92067459564439
2089,56.69254403343676
2090,59.45799682463051
2091,30.681037787275393
2092,48.29371356803167
2093,25.967747099314785
2094,27.975596447547225
2095,27.829963246548957
2096,74.16142639672236
2097,36.865617618773996
2098,37.21307887971952
2099,30.99609530809335
2100,30.563401665852012
2101,52.76977397277685
2102,29.872101395363117
2103,34.15175136796218
2104,67.46319075912916
2105,45.58157405042523
2106,59.70641037468415
2107,43.47886979182806
2108,47.24090720245836
2109,62.519660346721544
2110,43.33712129092265
2111,26.75254029413748
2112,31.69955963271372
2113,70.58836335748313
2114,53.170236172293734
2115,27.932667230418126
2116,48.669785823099986
2117,53.588093478843945
2118,70.22155298156386
2119,33.79214867404585
2120,53.8925067303903
2121,30.352353644296763
2122,32.03069996521271
2123,34.705336918733224
2124,57.284464441633425
2125,45.9750871083734
2126,34.00311761813369
2127,59.7008821867066
2128,46.19288359568665
2129,68.38222081281354
2130,60.87180019812261
2131,43.382123353784124
2132,32.03033708553225
2133,66.79897498608798
2134,33.73694644405322
2135,39.95507452324485
2136,44.47932836845665
2137,54.54270604311104
2138,67.29026976521602
2139,77.07882675922161
2140,29.87420495949408
2141,31.08350308347647
2142,25.550205536893944
2143,43.515977858100115
2144,55.33109093929872
2145,40.3329600565671
2146,68.73348181968751
2147,42.17165987573434
2148,59.87594829408298
2149,59.48112837446585
2150,46.36873909533217
2151,49.31719888213488
2152,62.41289458678771
2153,77.55604807402844
2154,78.14843991444796
2155,51.9493183576514
2156,51.039290744200045
2157,49.34556630248346
2158,75.18171953781159
2159,78.23462253591107
2160,36.86093804069526
2161,31.061257987326282
2162,33.67035437146013
2163,71.52259106183641
2164,37.514052392528896
2165,52.86462138144243
2166,36.069503438754296
2167,40.00293337470287
2168,50.77566738853602
2169,42.452376858559234
2170,25.82866387868356
2171,70.43965666425166
2172,49.70446454373637
2173,31.038542558431608
2174,43.0699774774193
2175,47.47678907808398
2176,77.37179014807617
2177,49.84044128257202
2178,71.7777727535273
2179,32.65719503676324
2180,26.311298006528435
2181,48.083605915618385
2182,41.533242349720695
2183,45.31372847355707
2184,70.57974880856496
2185,45.10181356355866
2186,29.352804807597145
2187,54.663785302884165
2188,36.04636101550975
2189,24.69100731112334
2190,73.92518784029099
2191,62.607470889746025
2192,37.77484589685969
2193,63.33732522654968
2194,51.000602038002214
2195,46.00348367126923
2196,53.00772947659712
2197,40.28691410080838
2198,27.58846691348331
2199,64.24581011500369
2200,28.608662638458124
2201,31.236499934937665
2202,68.71378658393238
2203,67.53410043360492
2204,33.71191851396405
2205,50.562635805550286
2206,30.290356896663038
2207,22.668504219967975
2208,75.2150647303751
2209,40.8843753169053
2210,61.49945883887664
2211,67.51091364488695
2212,42.549615474837616
2213,37.59608758168977
2214,49.23758732908442
2215,40.46735766107028
2216,37.96529770247534
2217,56.27617452685288
2218,61.47461671185434
2219,29.617401657572128
2220,70.16289252321145
2221,31.702133408374067
2222,24.130713059970656
2223,28.570275952291233
2224,72.0635549832688
2225,42.59030961313263
2226,25.111160869411577
2227,49.421756644035455
2228,40.71354476291043
2229,25.670292361340294
2230,69.17766437835553
2231,71.42773745391369
2232,64.39520650029554
2233,26.975047156886284
2234,53.682802946548655
2235,45.961250552898825
2236,57.4627682784483
2237,49.27087168182659
2238,32.64158693166473
2239,38.64767630857736
2240,45.60228380732999
2241,58.85386535660473
2242,39.525736845501775
2243,54.618417796882994
2244,72.20283450713455
2245,62.41639854068437
2246,56.486674867011956
2247,39.50657588848489
2248,25.587883075277347
2249,72.62696357061404
2250,24.515503486287923
2251,25.48430569112109
2252,33.464055777269806
2253,27.748301683516193
2254,69.8847059390071
2255,61.940426502845376
2256,35.07301663068999
2257,28.486086084629026
2258,44.76015388609056
2259,54.958041984491096
2260,45.23103043930914
2261,56.883296834756685
2262,59.9863232247476
2263,48.6732498441825
2264,36.6660680724182
2265,60.48803862707705
2266,61.72353140655811
2267,24.80076948020351
2268,26.364905323487857
2269,38.11791629605037
2270,35.3637618811192
2271,61.235986356847285
2272,44.905897385267465
2273,25.285506886473467
2274,39.43198433989358
2275,39.78462128428817
2276,50.28960968847163
2277,31.70139174376761
2278,31.85475328640041
2279,56.11112504128885
2280,64.40050225606475
2281,41.50444186863057
2282,59.646580378785515
2283,36.859542784417656
2284,32.79106957849153
2285,41.56807440575851
2286,45.14797284626221
2287,25.61469207685015
2288,70.46477599755332
2289,65.94138738610664
2290,17.64379870103584
2291,67.80657540122081
2292,36.62755279506018
2293,48.82338513047635
2294,62.78226254509503
2295,38.95034997594101
2296,30.697572495714564
2297,32.145907298010044
2298,38.98434287757846
2299,31.53230333629676
2300,65.59395467488547
2301,70.09956352013789
2302,73.68435464521714
2303,47.9924373241728
2304,37.22882088069325
2305,49.53560444939899
2306,44.27410717461075
2307,21.574175126272284
2308,26.959795969723793
2309,8.397348423282565
2310,37.436226045717135
2311,57.53235963645051
2312,57.909816198353404
2313,31.139812155187876
2314,45.92121552623115
2315,71.38798332777259
2316,45.711920810452966
2317,38.86215894372785
2318,67.58501707676938
2319,63.57852384033135
2320,53.699305798564104
2321,30.878891149613963
2322,38.20937250894258
2323,63.8370270919823
2324,58.80377768077335
2325,52.31544669655544
2326,27.5289960181007
2327,34.9320217430456
2328,69.87837964478814
2329,65.90928619049456
2330,60.8031897413013
2331,40.87972822067477
2332,45.55393747168296
2333,76.62171986668935
2334,44.83217281317468
2335,27.791380460912464
2336,49.165020794648285
2337,37.113915311516315
2338,22.61289109456771
2339,71.29832257782944
2340,28.07452424186892
2341,32.109248403506065
2342,65.84485506117457
2343,55.79115556719333
2344,54.97033685796259
2345,54.6123778079787
2346,56.65022363983648
2347,31.07730045120323
2348,27.25180194639141
2349,65.52857232009126
2350,36.92243679820781
2351,68.40311385361304
2352,31.191771880563405
2353,33.877834079176914
2354,41.39422456259162
2355,71.17121916880456
2356,53.45957857581238
2357,37.12807787695049
2358,63.498790592969335
2359,28.016334186966994
2360,25.666053812309002
2361,29.311380013528847
2362,62.072387302657035
2363,31.152955889424806
2364,33.933647268136305
2365,26.646630072397166
2366,68.80158572032505
2367,57.28300138713495
2368,75.62244051717568
2369,31.873163710155108
2370,65.25067818797251
2371,45.90236660985708
2372,27.176322172748346
2373,69.10082653094321
2374,68.63062906570482
2375,53.15881908392635
2376,25.31477746784569
2377,37.76537196609718
2378,46.466591284873545
2379,72.27382688573545
2380,72.71161365715494
2381,32.05955211296811
2382,43.544929657170364
2383,42.769971796702166
2384,42.69600940538596
2385,68.33826123709434
2386,75.04734664012683
2387,37.7729957970348
2388,44.726551712301585
2389,47.699504055540224
2390,43.23974182562998
2391,59.96888421423687
2392,72.83593957613535
2393,45.191813660018205
2394,61.196395745326576
2395,52.23795624986934
2396,45.394664363091124
2397,33.590680642133194
2398,34.03447702621112
2399,55.37954497317825
2400,27.005089033259054
2401,40.06072236842402
2402,60.61303627277751
2403,60.535568921733066
2404,51.68102821230765
2405,55.72166816767375
2406,30.960536192580026
2407,65.57338631826339
2408,61.038489670976865
2409,47.526078627523574
2410,73.56330435089161
2411,61.5310450641155
2412,27.14509222370798
2413,25.11728629971547
2414,42.99334486060633
2415,36.02423599182582
2416,44.14132979108402
2417,25.14722739283351
2418,69.00525491034398
2419,51.33438567309301
2420,50.674740495717046
2421,72.09941893186533
2422,42.22424259274818
2423,60.5010468324987
2424,61.78399241194974
2425,60.251359777002016
2426,46.91309897879313
2427,39.98359699980175
2428,55.96845701810352
2429,41.715612989220666
2430,53.7465288033773
2431,90.87671499465125
2432,78.59684585156691
2433,29.057793649890417
2434,42.80922647005154
2435,52.766809407938645
2436,57.43688760579052
2437,19.75764356926934
2438,69.0881344108127
2439,56.44015165286489
2440,34.410361046638144
2441,54.74278599639105
2442,35.55443367034269
2443,44.66020874844888
2444,47.80225813550852
2445,34.473902716906046
2446,70.1924473161209
2447,72.2004719595875
2448,39.221433387039724
2449,68.40760607812985
2450,36.958435525488156
2451,41.20297698367392
2452,73.06577806295955
2453,21.826546456403204
2454,47.537743891800375
2455,29.764626662955006
2456,46.48542391858424
2457,38.53193514577506
2458,54.4428067817189
2459,43.12333619851485
2460,39.41260514163115
2461,69.73441054218702
2462,55.73150525793297
2463,48.263121593241195
2464,51.99840723244976
2465,37.27126093721773
2466,64.4976377977404
2467,32.632755937104974
2468,54.51440789674905
2469,85.13601920366159
2470,76.66695545719728
2471,59.24856064722987
2472,25.804142395366966
2473,33.55286601879976
2474,25.466151494777414
2475,60.82150744072227
2476,29.010617873885046
2477,65.16189303907989
2478,72.15436063522344
2479,38.42495538636396
2480,26.818881985472586
2481,71.69733923770833
2482,31.003489264285342
2483,34.52377120386704
2484,40.25447286732383
2485,26.265150806395436
2486,74.08691974056073
2487,43.91066611020332
2488,76.50395996998023
2489,40.29462592620051
2490,26.440152642419225
2491,56.93044872361891
2492,41.38576305218717
2493,66.82081212015001
2494,53.939410517131606
2495,55.92523315815178
2496,55.48968989701949
2497,83.35705206675914
2498,47.30340451834138
2499,35.56783251999103
2500,42.61595828780254
2501,36.99630943460894
2502,29.478444108043814
2503,28.525002871742092
2504,72.25880981461049
2505,71.35945761521029
2506,69.922693870867
2507,31.530233340373375
2508,41.97080061492389
2509,57.061876041325185
2510,62.52668312570899
2511,20.400113501762224
2512,46.55952567842586
2513,31.875922823164856
2514,31.092001336177855
2515,26.978063200786693
2516,70.24103209767853
2517,52.09642682068069
2518,69.58156683985986
2519,48.68768221169654
2520,43.43446743609755
2521,40.081752657803584
2522,32.60090633775607
2523,32.82771284501801
2524,68.45955404665654
2525,30.885447778826816
2526,24.169686345541955
2527,24.427122927336235
2528,64.51728513564444
2529,45.28815728945264
2530,71.2488171316343
2531,56.106949039543956
2532,35.50139584241609
2533,80.82621814242196
2534,31.141018995629718
2535,46.15356319948213
2536,35.156036419601634
2537,38.69184147187704
2538,36.26951162905868
2539,27.747586201751403
2540,32.1264134461775
2541,49.459407281034316
2542,25.731960384265467
2543,20.775885128585355
2544,30.535659323928044
2545,63.0068292436406
2546,32.17404990309511
2547,75.02386853072235
2548,53.13014702373621
2549,39.65542804647987
2550,47.00478281396259
2551,46.88629127926804
2552,40.786584360126
2553,34.88999013645304
2554,32.16983662303589
2555,91.13690397449767
2556,44.84401270269531
2557,76.20646682617817
2558,68.294402075341
2559,53.02180632801014
2560,61.8986750290407
2561,38.17841182650049
2562,58.45494280843418
2563,71.65900481783655
2564,29.886181788927306
2565,67.40259408796796
2566,46.597937281152895
2567,35.44698029951249
2568,27.3944884429099
2569,27.24453594357235
2570,25.949534817006185
2571,39.47267108629562
2572,70.90753655610627
2573,53.95461778690729
2574,62.00190433748915
2575,54.48037738786929
2576,31.34511431683955
2577,73.62201847012
2578,62.08384161582441
2579,27.01339765213028
2580,37.02953944098148
2581,30.02916216601352
2582,24.124031220272002
2583,55.06945575251354
2584,72.17302769624327
2585,52.61632870134269
2586,60.44877722778817
2587,73.87033109639648
2588,64.543558651027
2589,49.98660835806167
2590,21.09479260653092
2591,65.22767123672358
2592,36.84400563037781
2593,65.36755657645384
2594,60.687073047084716
2595,71.29169315811632
2596,51.36969306667391
2597,54.21565583917182
2598,42.44711095778469
2599,26.01241725359928
2600,48.33261658531472
2601,28.096822367995735
2602,28.58879336181197
2603,64.1682461767331
2604,39.413657575544335
2605,36.41231575195424
2606,57.58839059570258
2607,71.7455978775069
2608,48.95419767229976
2609,56.24144216472315
2610,45.29897075172569
2611,56.375066932857116
2612,72.1470083027325
2613,35.805042381010495
2614,51.68016242230203
2615,21.779744381345285
2616,40.36057052398392
2617,9.600103610818422
2618,61.81183652590486
2619,52.96254762600411
2620,52.07277124077221
2621,68.86988439992408
2622,68.92369938677938
2623,63.166424070114374
2624,45.10897062523543
2625,38.48006043678016
2626,44.10848393530239
2627,35.51713265792091
2628,73.14125920360657
2629,34.97612077813109
2630,36.587755687627364
2631,29.552835237285365
2632,74.1613128066717
2633,32.73216424505188
2634,50.179225365013764
2635,61.48665573081939
2636,58.09143699711255
2637,57.17735309733829
2638,34.77030640903148
2639,30.983559657935864
2640,58.028209261956825
2641,34.45287288542892
2642,40.203027287700685
2643,48.79916847993482
2644,64.76084511121402
2645,33.57811973895357
2646,59.469093214136606
2647,49.968794948455184
2648,54.956844014920605
2649,30.662640282693502
2650,60.40503804633948
2651,36.13947401205285
2652,31.63837031072327
2653,25.612878332773256
2654,24.72189121035218
2655,61.02023560450205
2656,72.11793499258195
2657,70.1704689222509
2658,58.39019343193679
2659,35.193031342194075
2660,33.119327603191735
2661,30.243807403593163
2662,53.48223470067638
2663,71.84332992088189
2664,77.34615080809901
2665,48.85107598155143
2666,67.18523288671665
2667,40.13026616113781
2668,38.136111280974326
2669,40.69349464395732
2670,37.54202978479583
2671,63.48934390135056
2672,54.90806426427011
2673,26.39162748725309
2674,67.90653582965285
2675,53.72697901362164
2676,52.58340156201343
2677,67.5048260414043
2678,43.44146706866791
2679,60.814324977694426
2680,34.229137444748574
2681,53.16440824406198
2682,40.290066790615
2683,27.578607000017744
2684,58.00094012233371
2685,66.85445589634357
2686,35.95833888602175
2687,47.382025260338416
2688,30.711607300932656
2689,60.38240385831283
2690,57.47353937026297
2691,43.468442138778315
2692,45.59292378373452
2693,35.63407742676345
2694,52.436123233602146
2695,35.69299638940093
2696,67.49830697062339
2697,40.602694094337764
2698,66.55839826027695
2699,43.02485739384029
2700,35.34916587989571
2701,33.84048767043117
2702,40.01433854398253
2703,51.41536764081087
2704,75.9228968038183
2705,87.2177965658372
2706,48.953253985662734
2707,60.07250015772347
2708,30.10059691948344
2709,28.056353694725583
2710,59.225791348790715
2711,32.84539401702901
2712,40.90247281975141
2713,49.941791901535595
2714,69.95162197309719
2715,58.05385145897175
2716,66.2245561193688
2717,25.975182687380368
2718,52.11336687019126
2719,27.261255823506175
2720,29.587063487591166
2721,30.49241780472866
2722,75.73274338211087
2723,25.523122680265967
2724,68.94143988353281
2725,40.75433993673893
2726,74.01022350498474
2727,28.780730694497585
2728,47.10596359977106
2729,43.57566512810929
2730,32.39060085400007
2731,42.60304244364782
2732,45.355407564639094
2733,39.61327649058239
2734,26.857301541344683
2735,70.12531425281418
2736,70.90802526635123
2737,44.56470440598934
2738,22.731647114967473
2739,64.80106489876886
2740,57.841529115713534
2741,24.28357386994934
2742,51.91974799726623
2743,47.89672998057695
2744,46.83599189809213
2745,50.137068747530584
2746,40.1501463850406
2747,66.69069841717516
2748,51.501204010947454
2749,41.63192075788733
2750,50.19205750684106
2751,66.86093166262376
2752,51.98137098744567
2753,44.366462412255984
2754,38.687809918702435
2755,54.426325272346205
2756,30.323618103072732
2757,60.364714700833154
2758,62.31308274453611
2759,33.45509923065708
2760,42.27911273513648
2761,46.42279713851929
2762,44.43162518590141
2763,23.541090440145165
2764,61.00788469706113
2765,62.8270351077668
2766,70.72936489730338
2767,87.23124666515722
2768,58.71174874282492
2769,36.61382654897713
2770,30.510617602588667
2771,37.21309725889785
2772,53.23119293297985
2773,61.705847832658755
2774,44.75195350077628
2775,46.37904738064542
2776,68.77187232412516
2777,40.334752700845826
2778,40.156913864418435
2779,59.87123753584944
2780,36.838229122466096
2781,68.57013828191674
2782,42.405577200313864
2783,76.10608041594432
2784,62.01581860167753
2785,43.50617781719717
2786,63.88545558224177
2787,67.60433869466004
2788,40.773893175610816
2789,76.41504731866621
2790,65.60520457255431
2791,46.1717039460608
2792,44.632736152047876
2793,46.88541596463753
2794,60.17131579567124
2795,42.92957771370409
2796,46.77950650933853
2797,29.536039454408442
2798,26.40687569349049
2799,71.51671996892384
2800,46.26745017766985
2801,60.00186990790964
2802,51.1399523872667
2803,62.91571730874346
2804,44.08857543025519
2805,26.88814313893773
2806,82.37055882265133
2807,42.69102746359887
2808,41.671119031955854
2809,58.19996335098521
2810,42.05698004295242
2811,70.53011321518807
2812,41.54742492302968
2813,77.04608388813541
2814,51.931985342277414
2815,29.605245609130797
2816,65.763392505345
2817,45.40685510174265
2818,39.34242927365342
2819,22.607052325705222
2820,58.82755560498894
2821,58.38940734748031
2822,28.327642278024705
2823,38.72356591503708
2824,34.36476737059869
2825,35.80828843115691
2826,72.67590779626147
2827,48.152232654290856
2828,39.69867034987864
2829,61.05687516728706
2830,28.48997015535908
2831,60.64316530471399
2832,65.53294442710299
2833,41.06204188226849
2834,73.47782700755901
2835,40.187292715292884
2836,26.2674277660409
2837,68.49308477975454
2838,58.31246396404931
2839,77.84711770791296
2840,54.48403828131728
2841,30.450842023878955
2842,61.947238130905134
2843,67.80775530860953
2844,32.409480145385174
2845,42.637454529996106
2846,54.36732390905391
2847,66.8983703793348
2848,47.05653516592305
2849,58.90544750513558
2850,49.27535481286647
2851,73.8840427107219
2852,53.58774561966446
2853,39.405401880133375
2854,35.426949833801245
2855,53.7323988154936
2856,66.59861335143218
2857,60.37424997489231
2858,53.783565156317195
2859,41.98284302860532
2860,41.983132841803275
2861,37.89143753300187
2862,25.72518578658188
2863,62.32246650381718
2864,32.99308754929696
2865,23.299282013495027
2866,62.304762654267
2867,23.760311683548093
2868,45.00291349211689
2869,40.185647322116665
2870,25.587693653900484
2871,27.517023637028792
2872,73.04314041167852
2873,12.669498087945247
2874,71.47999655205177
2875,42.83101759593266
2876,32.10934510907518
2877,42.77842930483074
2878,54.817390816886125
2879,62.73273300936945
2880,50.37353671750727
2881,65.90821357694415
2882,75.8050331457901
2883,46.8387015435607
2884,73.57090082212197
2885,48.016125809988
2886,36.054916154328666
2887,30.22753373528712
2888,54.53682357576977
2889,26.66879388616083
2890,37.0656806250806
2891,53.146108976422596
2892,35.61909664079792
2893,82.6393562610144
2894,27.715921626962057
2895,45.83938557180522
2896,38.699246095492086
2897,28.210412721552306
2898,60.293603319468886
2899,40.09084406120803
2900,44.484607785084606
2901,37.28919054207944
2902,36.92259627248279
2903,73.14866460656765
2904,29.897292581240837
2905,60.483758306754545
2906,42.859796778805475
2907,37.100751751412
2908,59.2650593868309
2909,73.63342804958052
2910,45.978556809838835
2911,68.65559447088023
2912,58.72671267305858
2913,33.36182780294
2914,48.322268045884535
2915,66.20142704807164
2916,44.528265020850526
2917,30.83011324665296
2918,29.944949063471995
2919,36.238716298544375
2920,26.19927907431224
2921,21.74701231844445
2922,17.541292519819937
2923,56.46893955641785
2924,28.839864965996313
2925,42.77164867071104
2926,24.195370574155877
2927,63.766376254909574
2928,38.38360986712763
2929,32.250462399830795
2930,50.807678048970885
2931,35.58921669460159
2932,27.302081946178966
2933,39.88096529171003
2934,45.205896464151486
2935,52.474479598275664
2936,81.83297001144132
2937,23.938299850322213
2938,64.9290309006536
2939,39.29363250190421
2940,27.814419063113192
2941,33.60311566937377
2942,58.657933065611964
2943,38.653072261893826
2944,78.44205484956291
2945,63.74086800300344
2946,52.337009542385516
2947,39.152142030939004
2948,23.930153864134542
2949,54.42047805350989
2950,30.694694659802373
2951,34.62669625239056
2952,71.40363533486874
2953,25.641070426581237
2954,49.490073196745804
2955,32.644342733349916
2956,58.531535025716174
2957,61.38996467572165
2958,32.40607428777773
2959,23.558856877106425
2960,46.41980984699687
2961,44.87621691977364
2962,75.21729283107382
2963,41.351082268663674
2964,28.36201456563252
2965,71.8651550359942
2966,76.36835363049055
2967,30.881058158562702
2968,50.81324519485253
2969,37.35082519628839
2970,28.056394353138028
2971,28.02894589924486
2972,41.20453771278749
2973,38.69534462601587
2974,37.69326130658055
2975,31.627085089971985
2976,31.282210791111382
2977,44.36298905656273
2978,27.55397267189034
2979,26.245018592866625
2980,57.957302787000074
2981,73.4210489137572
2982,72.64660425650882
2983,64.2793857505074
2984,35.98042433021551
2985,47.33239549551217
2986,49.20003692940174
2987,30.79589718691239
2988,70.87975542886917
2989,71.96867320047923
2990,60.31814205458276
2991,24.687134365801697
2992,68.49165136991869
2993,44.52266350850496
2994,64.13983559430068
2995,28.761329340622392
2996,50.257403106867656
2997,39.847773042134236
2998,77.23764747408751
2999,40.62539430730082
3000,73.96015882220645
3001,76.49180795870197
3002,53.10584880742449
3003,32.13619961888726
3004,41.59670791954432
3005,29.001568003004333
3006,24.708311210875884
3007,76.30215616435913
3008,30.80031177735368
3009,37.231856838994304
3010,42.04376077759245
3011,69.87822042348182
3012,66.2840950782866
3013,61.514775248815745
3014,39.97872147189567
3015,72.57972927982507
3016,64.15100138066958
3017,60.9390898387131
3018,32.5377335574982
3019,39.52824250819744
3020,37.819766565515884
3021,32.02893503490256
3022,52.55942047764759
3023,44.0418265175665
3024,62.8644378892827
3025,59.242363258531405
3026,45.385344951196416
3027,25.268948040832008
3028,40.480190348660145
3029,52.40953765437098
3030,82.2848231912887
3031,26.425474805207493
3032,45.01335515131335
3033,23.85284566347746
3034,57.05295482552335
3035,63.65223027984668
3036,75.72850347322887
3037,29.366445145729777
3038,69.31513851697926
3039,26.80111523472107
3040,66.9810064164313
3041,73.26377745458745
3042,31.168342404189595
3043,34.7983823753138
3044,43.21469115356793
3045,56.67162002173564
3046,47.07603031690981
3047,46.23403867511618
3048,30.32567244919092
3049,34.94937895390346
3050,24.54332826340033
3051,38.97830591821135
3052,64.85384916037735
3053,49.29218028663799
3054,58.580754455887494
3055,77.8068763734125
3056,41.190060496058464
3057,29.291273949354217
3058,37.91773498458592
3059,83.51172412391125
3060,51.17805390681339
3061,70.20252028869606
3062,37.359645248645165
3063,36.681295816959846
3064,31.864976500324172
3065,84.04651611397284
3066,41.231240377247374
3067,58.41054891898394
3068,30.153545547339373
3069,37.971415266107236
3070,30.75941719911837
3071,37.11439191162293
3072,62.36357773208994
3073,25.766461781868145
3074,58.24870892632906
3075,36.55315637932435
3076,45.28053462137809
3077,48.196751684204486
3078,47.941627633845286
3079,59.77290756160693
3080,25.97886329851776
3081,28.24815014196289
3082,89.19955152297433
3083,60.603415690696764
3084,55.68417678873871
3085,40.68490660184467
3086,26.842928098397284
3087,32.30174706369253
3088,45.239124565167515
3089,46.0333335245482
3090,60.48218188084188
3091,60.21069088298901
3092,32.07426833279364
3093,68.4487271193073
3094,28.54896510720514
3095,59.406676779250326
3096,69.49484927889051
3097,41.68115139717219
3098,30.628424768383546
3099,61.90759374974734
3100,34.7242851351655
3101,60.62317968238003
3102,41.62125835875453
3103,59.67186273345141
3104,43.93449032644582
3105,31.75503586410818
3106,61.89581460154954
3107,46.60471534064048
3108,74.8302222021046
3109,69.46378890767156
3110,71.67751159913689
3111,68.76329228132428
3112,51.90004725353819
3113,40.72190452180689
3114,44.29322478009338
3115,24.082148640069885
3116,47.937533531279044
3117,44.159654070398005
3118,38.69508776639783
3119,59.916299115963156
3120,57.18706568605128
3121,49.11620981687843
3122,46.096295850575785
3123,37.647688520589064
3124,48.923875656121865
3125,48.21805936952842
3126,27.829247379879995
3127,35.94190660156106
3128,31.45536476874466
3129,39.35948616224343
3130,23.790002385672107
3131,57.18120506215946
3132,23.682990145745563
3133,68.43342696028878
3134,66.85928943412468
3135,54.96389035273113
3136,70.75821727808645
3137,35.43117453843786
3138,29.289531972237732
3139,33.98316026720514
3140,33.003895511561375
3141,58.18539801981332
3142,60.64989824057252
3143,43.471871695559514
3144,52.81971422248181
3145,26.439393824514035
3146,27.68613854809932
3147,43.53091457342767
3148,22.317454830871082
3149,36.87778739888695
3150,87.62845983067675
3151,42.412049952015764
3152,29.77790808915133
3153,36.39976812410167
3154,32.7277956965151
3155,57.21974624187343
3156,27.01059245713747
3157,18.61615232876449
3158,28.758584107807312
3159,35.68421079487581
3160,74.68138533743797
3161,31.39320153080449
3162,55.27276154672981
3163,51.215091710181014
3164,30.848276054637328
3165,52.41190359732498
3166,62.16309855207297
3167,45.3942235299449
3168,42.43725379599452
3169,33.733745102561755
3170,48.44401809281335
3171,29.76024662165812
3172,54.58632000919048
3173,29.05776426057479
3174,34.62488683613785
3175,51.23544546082391
3176,19.039176253020447
3177,66.35574431531725
3178,41.36180275385509
3179,55.93682708199362
3180,36.047499988550086
3181,70.88428050151543
3182,37.92656928711911
3183,43.459687031511216
3184,25.571702902103908
3185,28.71095689575173
3186,32.98814961895887
3187,75.33680570232144
3188,29.017696938988138
3189,45.23741811222509
3190,69.63896924661228
3191,81.85754290943834
3192,48.404838695744374
3193,81.50408240335216
3194,73.14061307278897
3195,28.40226637079347
3196,30.776899679618648
3197,57.139849642087846
3198,75.14515692599429
3199,73.28939697437445
3200,43.73328850361351
3201,21.685193724192768
3202,24.420344147816852
3203,59.450326059946754
3204,62.49165564448605
3205,67.87950274728759
3206,36.07846547477652
3207,20.839446714011302
3208,28.908324349028128
3209,57.29004931627725
3210,54.55059999189962
3211,35.86657738659137
3212,58.89902076454378
3213,64.47411122978633
3214,23.328826720668342
3215,27.21730050951684
3216,24.863039870106718
3217,49.14268947290632
3218,40.02939204236255
3219,75.10600831307774
3220,67.35309028919255
3221,63.3673190602325
3222,38.41146781266313
3223,41.62146794486427
3224,36.81067741830309
3225,37.35006168338592
3226,27.949716768933072
3227,54.95460881002697
3228,85.56597331576705
3229,39.360274833353046
3230,30.804629001545102
3231,35.079301710400145
3232,30.653146856190116
3233,66.31629366621587
3234,32.7917876124616
3235,43.18046474322983
3236,47.81248522422702
3237,60.14397260805819
3238,53.379016927385095
3239,23.04176107133937
3240,26.61774107789676
3241,34.08262871227045
3242,65.45848777190199
3243,39.09387188070022
3244,35.86928887879772
3245,33.35000906763108
3246,73.60596126194132
3247,52.72673178180266
3248,56.670631159182506
3249,61.27730321429054
3250,67.32045984274542
3251,56.96037793952159
3252,34.553329051920244
3253,88.7256991620992
3254,66.55746196546394
3255,44.069066175360916
3256,72.4755116599767
3257,35.656753473509355
3258,23.961177088533944
3259,45.59132805838673
3260,58.12266725568076
3261,32.30782022524173
3262,61.94128515758812
3263,28.661300665694412
3264,25.37858305554541
3265,42.985397322431496
3266,30.17295872071984
3267,58.93518346273619
3268,69.95252871657672
3269,70.3751065271362
3270,61.99287128685145
3271,31.165944532656724
3272,61.57812818943223
3273,35.915403519477245
3274,33.06362615396417
3275,39.66927353415204
3276,59.709647893593775
3277,86.11956766656522
3278,47.103374963828976
3279,24.389290613384276
3280,71.62599384305095
3281,72.7338398279689
3282,73.88378540319154
3283,25.937252438850646
3284,35.42727052134111
3285,48.155853939898364
3286,39.29331940606711
3287,41.06584621585222
3288,28.909585646114866
3289,55.82489626072047
3290,61.90489138134037
3291,69.70925143870234
3292,27.921226460208302
3293,70.15275986779523
3294,49.38739203209647
3295,25.408617500034808
3296,40.6202330169325
3297,61.61946316694133
3298,72.24138139425538
3299,56.644060170886924
3300,63.6642939767395
3301,84.50355218811032
3302,79.38922019882176
3303,24.772968934766105
3304,27.652990366207085
3305,64.543224655736
3306,58.36655948861104
3307,44.67587351628175
3308,31.273364205258332
3309,27.151743202571254
3310,22.041408847908997
3311,56.945768542358344
3312,36.213112581698795
3313,48.48728369025253
3314,41.04114908432258
3315,46.999379590847084
3316,60.20118442402635
3317,61.933377632745106
3318,34.998361661198025
3319,36.90252328007525
3320,43.33048370411231
3321,25.04799701119787
3322,64.76075105365686
3323,36.34837961289932
3324,68.08956270126059
3325,28.731223785894933
3326,50.66899540401093
3327,25.317230685793614
3328,64.68593700879624
3329,61.101667320719194
3330,75.15317376335945
3331,36.988936681751476
3332,52.23518415874196
3333,63.515000585684916
3334,70.76886738678097
3335,31.887764713913743
3336,35.31770108019843
3337,82.82604424071623
3338,62.7511136100811
3339,23.22800772962523
3340,49.59226138316016
3341,40.23902067417292
3342,85.04409121394686
3343,60.0219454765446
3344,69.95937515912615
3345,64.07419755925201
3346,56.31733287701307
3347,41.05074915761034
3348,27.415499328767776
3349,21.807781639336294
3350,61.421870766351574
3351,55.89527945675257
3352,60.704863791355386
3353,26.042793695762438
3354,36.516049493426905
3355,26.67927796101391
3356,65.57308598910407
3357,63.97509134864302
3358,52.89212464819404
3359,41.640127075846145
3360,47.95892639549359
3361,51.80575737755346
3362,56.471862801540624
3363,81.04930575214522
3364,36.479767975874395
3365,47.56308588333253
3366,29.954219864284035
3367,56.967890074440994
3368,44.1992131663835
3369,46.924865176493654
3370,40.58214608863658
3371,28.927963315250963
3372,45.888281045987654
3373,59.44055380680681
3374,30.31755301382637
3375,57.82415982539089
3376,51.273112908180316
3377,69.27500795434672
3378,49.44450813878788
3379,25.259395313082155
3380,38.0713488137041
3381,34.72131209307079
3382,68.25713168163792
3383,34.411805513280484
3384,35.729326093249135
3385,26.042712892952217
3386,29.173275067228836
3387,66.08633858622639
3388,60.2324207604731
3389,26.598129849843737
3390,46.004270661675356
3391,30.783085133130513
3392,25.4663727096222
3393,75.18664253023229
3394,66.7373228033745
3395,63.491011216876
3396,44.380447604398285
3397,35.11629481815723
3398,37.60611634625727
3399,55.93893987167502
3400,35.85251270014287
3401,52.229078461142
3402,55.78949700318771
3403,41.07749550392407
3404,55.757495107582145
3405,79.60728329393156
3406,46.47562099952968
3407,27.626540542229172
3408,35.27100436618203
3409,74.0725478893587
3410,55.621942751179255
3411,53.495911479569486
3412,49.40484734247282
3413,42.023924580789924
3414,42.264089114094574
3415,29.853398876044054
3416,66.53259747709302
3417,77.4614868678712
3418,28.062948493841137
3419,41.37041761838924
3420,61.26220867991821
3421,30.67422446017529
3422,50.06120555008822
3423,42.27619012988005
3424,46.40929548179683
3425,31.390704253873523
3426,57.223277397707555
3427,28.275703419732878
3428,29.67546494822709
3429,51.75623629125292
3430,28.11081753788805
3431,79.19726228972503
3432,45.49927258916122
3433,56.488047742645264
3434,34.85409632803167
3435,71.61145323717753
3436,48.87275209864705
3437,53.93779988566733
3438,26.885801368954095
3439,63.51573396494503
3440,35.019885272405645
3441,45.50938440909894
3442,27.72821748344969
3443,28.863400323361876
3444,66.79480907296598
3445,33.67504010699739
3446,29.800769036757305
3447,47.38612577071589
3448,49.545547653522554
3449,41.030782389582185
3450,24.843908289967434
3451,37.81094478851176
3452,34.62481700869982
3453,43.644714888961545
3454,68.31855517561684
3455,29.46084910074835
3456,43.07289338112966
3457,72.28702223289741
3458,62.68771758365115
3459,41.62988202064355
3460,26.021367754005777
3461,31.136591597993238
3462,72.39436982903482
3463,63.302308435515094
3464,33.703509971367
3465,27.722348225738855
3466,79.44353258109513
3467,54.07116677526612
3468,36.41805112941884
3469,29.458902116505335
3470,35.63896206903376
3471,47.86770361150755
3472,57.64458703676918
3473,56.944244539592766
3474,76.74566518332139
3475,65.68068367304285
3476,38.09860839543988
3477,51.582872080577374
3478,49.434181393496225
3479,37.916846636571634
3480,34.468162494276754
3481,27.06809816945285
3482,41.27024117145967
3483,57.3440907755437
3484,37.43756521660556
3485,57.069960850108636
3486,47.39745716270147
3487,31.51096741427388
3488,25.815914383636862
3489,70.58350099930708
3490,65.50513640327384
3491,43.843272346683314
3492,59.55197857527002
3493,68.35190061938502
3494,26.441155354087172
3495,46.789411775235905
3496,29.722253157340965
3497,25.076332222810255
3498,40.909022645921084
3499,49.69278736819887
3500,30.77118613858716
3501,28.404565773201718
3502,79.530745123916
3503,48.59615366090943
3504,42.17642646013216
3505,38.32955961609886
3506,67.55107006360171
3507,35.93210449819971
3508,31.016121292924602
3509,36.54299453337109
3510,38.496212120616875
3511,57.38272403942561
3512,27.155266512195624
3513,32.305663242474225
3514,28.270258126014852
3515,69.01479436333503
3516,67.07212492393636
3517,33.546178711517925
3518,36.10400006179162
3519,72.86001582601182
3520,76.10946266409519
3521,43.43303449487835
3522,52.80589985215967
3523,29.691800659935904
3524,58.32601077845704
3525,33.91036984170458
3526,26.663365637112307
3527,33.843413515873834
3528,28.722338631855063
3529,44.70554306470673
3530,64.76354401456126
3531,25.55213271692338
3532,50.10423119784522
3533,45.580664726640094
3534,24.95613373702739
3535,69.87671022492628
3536,50.991952350692145
3537,25.746092775204488
3538,28.150023865568905
3539,30.989306178649027
3540,46.7885493514187
3541,38.539674954265436
3542,41.671348053380896
3543,48.3009494361534
3544,34.07356794633199
3545,82.51903536884055
3546,55.68858737065938
3547,45.04862014398926
3548,26.566444938881546
3549,58.398769224381425
3550,48.979050307540994
3551,36.74522031703792
3552,39.33504289186346
3553,52.581690668119165
3554,30.97461414481483
3555,49.00655983626831
3556,44.7184083267305
3557,56.96057659140254
3558,75.10271606983686
3559,46.21271518976831
3560,68.7118824786558
3561,38.507279911031745
3562,80.27677294111882
3563,30.92698575648025
3564,37.85747827471494
3565,54.426422159991645
3566,52.303338327021834
3567,49.32579186943179
3568,26.96166420304589
3569,55.41064094218449
3570,43.898905850231664
3571,50.65512646060711
3572,42.48860031260143
3573,54.489091098813006
3574,56.51293332851116
3575,53.02990414361591
3576,52.88503917779979
3577,53.840394816524864
3578,30.47531742963234
3579,37.4800155015443
3580,60.97433481702401
3581,43.46416001651435
3582,26.909065371441677
3583,35.70580201336314
3584,51.721583400551026
3585,26.291959154015256
3586,73.15963819915865
3587,62.370754377010094
3588,63.80756003821708
3589,64.36807395778814
3590,41.40852183890674
3591,76.47833679602084
3592,73.95860790132369
3593,25.04593475095277
3594,27.02863563403614
3595,53.117133596742576
3596,25.31394795599177
3597,31.520945970225792
3598,30.41707327901525
3599,73.69274568745824
3600,73.66963459750681
3601,41.50513863194125
3602,47.60399971355379
3603,72.75684044266418
3604,36.5877685480539
3605,62.772835139102625
3606,26.973787096591824
3607,32.20051034442241
3608,55.797469717736895
3609,41.5516005296129
3610,33.20157507676738
3611,44.39306074549975
3612,59.38208852459621
3613,60.0026388522267
3614,45.345942865668775
3615,63.290326179554626
3616,31.489425661625
3617,53.71478977866934
3618,30.75952277674184
3619,43.94891711404384
3620,47.56190834988877
3621,55.98863290104821
3622,44.718805840080094
3623,54.364052106798546
3624,51.749276942327434
3625,27.431219082835533
3626,48.362962616401816
3627,58.49159607366825
3628,35.13495929455453
3629,59.31014630735011
3630,67.53467949955889
3631,38.29252013319924
3632,50.852605514986124
3633,20.296595353064685
3634,78.29834328112833
3635,47.45680991385953
3636,48.58431473261085
3637,57.37871835035853
3638,60.317940269053665
3639,71.83234011745846
3640,40.59158338313967
3641,49.48466108215506
3642,42.6388009793888
3643,56.52566123162285
3644,40.22616749467758
3645,47.20119714944178
3646,49.7195637091207
3647,58.75544306638652
3648,21.411738995412193
3649,31.365096834257614
3650,23.333067266155975
3651,24.447609419148936
3652,51.23849001077359
3653,28.95153351800159
3654,68.60959430929104
3655,61.65952857007022
3656,44.2165517490444
3657,35.73843369477696
3658,69.41915552400732
3659,46.01681616795995
3660,35.16351879060345
3661,63.859265568531164
3662,24.3856066181868
3663,29.27629262267317
3664,63.38379064657193
3665,31.478910331870694
3666,64.75904653908938
3667,40.61911706233479
3668,51.367217876420355
3669,38.116968973129104
3670,70.4086179233764
3671,41.131020392176794
3672,30.384028328832255
3673,44.97213098371785
3674,36.9200277328324
3675,67.2930787139388
3676,57.4057655220756
3677,58.82560562384347
3678,58.270877213279086
3679,49.82060211361103
3680,69.04709890871601
3681,53.28262135222256
3682,54.53135589337643
3683,30.04160809984102
3684,57.43360719050554
3685,35.693856896440224
3686,52.4506998200034
3687,74.00903439194178
3688,57.42924540214328
3689,66.06012992544711
3690,56.270192544496325
3691,38.54978466588061
3692,66.61552525782906
3693,27.87746865902508
3694,50.87750342992617
3695,46.32378534405684
3696,73.9196303955079
3697,50.20308470729733
3698,36.18448387193386
3699,43.520012243122764
3700,37.24961231450243
3701,54.074519609360806
3702,72.468554754704
3703,45.95333491089718
3704,67.5260285290016
3705,69.52214932307018
3706,55.90020510055075
3707,27.615098384278614
3708,33.29654330952589
3709,61.56291842918229
3710,45.19192227896171
3711,37.87460947902386
3712,38.33801735964461
3713,74.98720513095981
3714,69.68497798551815
3715,24.084575414688047
3716,44.45497245388896
3717,66.07640814052709
3718,61.44198588021825
3719,65.29673801288766
3720,38.00328749770607
3721,75.76652702461956
3722,58.182711021325815
3723,70.01763062227924
3724,26.13905081545611
3725,36.720259289684215
3726,34.82852085860928
3727,47.10002699127813
3728,-12.86004024780425
3729,71.41645382089433
3730,35.63152506089446
3731,41.562025030571775
3732,53.68238387877278
3733,66.75687260309428
3734,59.48004273032463
3735,60.42041379975176
3736,45.04629225070543
3737,68.0826450816226
3738,73.1923871139989
3739,56.178283517272924
3740,40.00180388148283
3741,58.48453075029408
3742,67.15855046708366
3743,49.59459390568353
3744,53.09158138434724
3745,48.47319924490553
3746,69.94213639853884
3747,62.115347224427744
3748,37.19447816768418
3749,44.80400020270751
3750,42.416632448138195
3751,38.050002300220584
3752,28.782449019936948
3753,63.11594454564321
3754,53.03181180160114
3755,45.22939500488188
3756,59.65974227903556
3757,58.06259354894631
3758,43.390018748786915
3759,71.25592904321502
3760,64.24760354363505
3761,70.37224160177564
3762,36.96280425453279
3763,72.29910254493234
3764,34.077888180285186
3765,60.60286422164309
3766,49.11404878927548
3767,35.42577969746722
3768,38.12129695787837
3769,27.0508358746794
3770,28.29379454985929
3771,74.23092903389298
3772,45.00424064049672
3773,51.97486856586957
3774,41.095796925626885
3775,66.0942344436739
3776,73.40596621751847
3777,25.862640022015064
3778,68.6937618845669
3779,47.10315750345248
3780,24.226080660145424
3781,55.29999865937542
3782,40.13840664582413
3783,55.06040737007355
3784,22.40091070782007
3785,50.63195864997888
3786,56.13114864450875
3787,64.14276179947281
3788,69.82787455459618
3789,71.27565298986148
3790,42.67003714665369
3791,74.11286005183408
3792,23.68367604670176
3793,70.51251913657093
3794,49.92387005846484
3795,30.466815033859245
3796,62.49475818143707
3797,67.85854043978976
3798,70.00321758052905
3799,35.00069111927901
3800,44.921594221063785
3801,73.52827431480486
3802,22.16421021026691
3803,30.701045673289173
3804,63.63011340229962
3805,44.802860424834236
3806,79.70106950118577
3807,78.75169305367194
3808,71.10375183339099
3809,72.74353220029786
3810,78.37915638878141
3811,31.28605034572578
3812,57.39113421530029
3813,30.62335552855324
3814,27.309051529813054
3815,70.95725516789594
3816,71.53721163239038
3817,36.48896787340155
3818,46.851722115422376
3819,46.45777112816478
3820,72.61912464655249
3821,48.475676279134134
3822,36.59124093163127
3823,28.128706873197295
3824,59.94625902107625
3825,43.686815535388725
3826,49.50234004167709
3827,64.65578088124212
3828,44.079161888014696
3829,24.574088050619135
3830,60.42441095202102
3831,51.53117446727829
3832,33.57397613212464
3833,22.533708491527594
3834,42.24190398393263
3835,74.05955620423806
3836,52.77122195496797
3837,44.858114999980636
3838,59.19621778280349
3839,32.07875686915415
3840,69.37222616692154
3841,49.9868003887367
3842,43.22817943086242
3843,30.30589929932991
3844,63.77331442487306
3845,46.01583107437412
3846,39.54041460080859
3847,43.627294578577036
3848,39.48287205185666
3849,24.41576723478922
3850,47.04289521982324
3851,33.87573892383692
3852,56.27975504193782
3853,48.71181851346208
3854,45.333736766645956
3855,36.46916053880581
3856,24.89997322567958
3857,62.16469729900519
3858,31.0040123062226
3859,55.26324927106366
3860,45.697253988560355
3861,62.258439002925655
3862,58.351278016352154
3863,33.53742774982787
3864,54.65909661727537
3865,66.48022693805567
3866,25.443543309408355
3867,74.02450862505145
3868,25.189963595406
3869,46.82048090921826
3870,69.49801934089041
3871,38.72714611356004
3872,43.97025919995924
3873,54.47331450625632
3874,39.386055904033924
3875,31.805671686498858
3876,23.814637616639928
3877,55.30140288311645
3878,59.007877296002505
3879,50.10009269688982
3880,44.86990480923582
3881,37.37950460286541
3882,47.28792206673644
3883,40.614391034126236
3884,47.7696560461664
3885,79.92372116882729
3886,43.68587222267764
3887,27.5345780896927
3888,36.98036972407806
3889,10.837330924790844
3890,75.26288946664243
3891,76.01093780497582
3892,30.650901878193974
3893,28.839302706090596
3894,28.84832272480926
3895,87.0458271722938
3896,33.03915524064479
3897,24.631388629426144
3898,27.74769913311202
3899,50.736088559452284
3900,24.81283395474674
3901,45.47841710437156
3902,76.11377171660654
3903,56.539738388376506
3904,48.93695048153121
3905,32.54012497942843
3906,79.86741890619933
3907,48.01478462472008
3908,29.099117523620677
3909,62.92750348728193
3910,48.11548796303073
3911,51.005085891517595
3912,26.715969742922873
3913,59.78981344751589
3914,66.57057139453653
3915,55.71645969584164
3916,63.35515965152424
3917,57.82502823525321
3918,45.32025724237143
3919,23.054951742394724
3920,23.430548601466125
3921,28.24131674282032
3922,52.60044596135529
3923,71.83890976083131
3924,73.74293771010105
3925,25.93190977236753
3926,81.05732407012283
3927,64.41953527069144
3928,46.77225006733383
3929,35.58578108698775
3930,53.15578061620068
3931,47.256751530523104
3932,39.97602124106021
3933,41.90471680623594
3934,49.566263158843356
3935,25.10349109527483
3936,42.69067926471958
3937,81.82016952225094
3938,60.78040467297892
3939,32.83907405843072
3940,66.61005686501194
3941,29.747034006541504
3942,65.28350044115135
3943,30.8830193297729
3944,59.55835681276406
3945,50.309812166263164
3946,45.89513199838151
3947,26.069636197925455
3948,45.29238009650114
3949,44.476874700931674
3950,58.116079423315846
3951,54.566233086994785
3952,28.20637824693283
3953,54.370406229202544
3954,27.288396333579968
3955,62.42789396164552
3956,44.977940426969624
3957,69.46974133878089
3958,33.36263414522344
3959,66.34147445542325
3960,46.403055655265156
3961,40.063485222059356
3962,69.8250142180075
3963,42.410696455934556
3964,42.27400236214836
3965,32.33205551447092
3966,59.42989074550542
3967,42.481163406481166
3968,44.194351776830544
3969,56.223292046527206
3970,34.71594831004231
3971,40.886859404649186
3972,65.24365601603667
3973,39.01488881576758
3974,52.55326556168413
3975,75.92132749657529
3976,73.4396427664301
3977,55.979916087853084
3978,58.63069029597388
3979,52.138128004650774
3980,55.939237956669885
3981,56.839723763132284
3982,43.718895543131765
3983,51.54242263670773
3984,56.96793269188369
3985,47.79653680356152
3986,40.67338015022965
3987,31.423423032672826
3988,44.6424562873377
3989,46.266037991043305
3990,36.75755237622225
3991,32.544428603403304
3992,59.18127130180429
3993,33.171958737394036
3994,53.71525516074824
3995,25.090049629744964
3996,28.15298706827114
3997,38.21436883359688
3998,42.34175946095822
3999,36.793714418337004
4000,52.67850317234571
4001,47.43698846073938
4002,37.408679687679154
4003,64.25300836613096
4004,50.118001153126585
4005,25.61467224600248
4006,22.16103140781386
4007,29.37810181989181
4008,44.45441972030736
4009,61.4270632218281
4010,33.684677944032984
4011,59.68631692340664
4012,26.108525303173664
4013,39.17689752273934
4014,31.035053042010734
4015,47.384534210309276
4016,54.71739197212915
4017,48.42494770376618
4018,26.274101283511563
4019,67.48376076186932
4020,37.88836093309898
4021,56.09865921057203
4022,24.403898378586707
4023,34.28792798259731
4024,57.264552339829656
4025,28.19158794352937
4026,57.597732888369606
4027,68.09817983635908
4028,29.140509306425926
4029,58.14718414046479
4030,35.06571249513803
4031,36.971891729237086
4032,47.17694643993657
4033,37.29396893662526
4034,28.988484594312837
4035,54.15774590750901
4036,49.74214833917988
4037,28.289683754583557
4038,65.99809876168206
4039,68.51634748580372
4040,41.2144272096469
4041,62.611505680459395
4042,44.94665049392371
4043,72.65266859742192
4044,50.901804509385315
4045,66.9192895382385
4046,79.61069830451657
4047,50.236292632615346
4048,68.23441729128899
4049,70.53906494344535
4050,60.25298307162131
4051,32.38076518704443
4052,62.53660153472261
4053,29.02671465193686
4054,69.53742561660508
4055,45.12383814279269
4056,32.81229840233486
4057,46.93115554435098
4058,26.384321064243636
4059,61.981597944231446
4060,65.25759565382508
4061,46.1692792296561
4062,70.57719661817457
4063,64.08562210417446
4064,24.15091108326043
4065,55.887501960685896
4066,72.06934316583235
4067,30.731654223113257
4068,30.29609848025166
4069,32.15048654936777
4070,28.067163418970406
4071,37.13970526336462
4072,25.368798872266318
4073,47.1541722538824
4074,37.97092485499937
4075,53.36700768265473
4076,25.968284630718678
4077,29.97928030012012
4078,46.3174556748608
4079,42.61400630740105
4080,27.981162717024137
4081,31.12124694820344
4082,74.80176185865619
4083,41.35641857928158
4084,29.822024517596958
4085,63.60923223345414
4086,60.71961950395911
4087,27.39313367258485
4088,51.0812052314764
4089,60.77555169620249
4090,33.165742060612
4091,72.71742037615931
4092,37.848605426572874
4093,24.15239104327287
4094,57.487119497386516
4095,34.58255889521227
4096,52.88966713429501
4097,39.56795175720914
4098,70.7463507757135
4099,69.36660601854568
4100,77.15322150653986
4101,67.68464381967468
4102,51.46494317334775
4103,27.948659124387795
4104,61.84369002721312
4105,62.24169868754245
4106,74.70242772632928
4107,61.29705782976663
4108,38.678397372319836
4109,61.943338186435554
4110,45.6085515226392
4111,39.87769267371418
4112,51.62209149417885
4113,37.49883317480683
4114,69.85204100773043
4115,41.23517408224305
4116,56.63784143862118
4117,46.09405158891728
4118,30.192480780891138
4119,39.87173210367948
4120,71.68478872793764
4121,26.017465808061818
4122,56.19728813889161
4123,42.27446443643018
4124,59.45667564754755
4125,40.70248799789317
4126,42.96851212219496
4127,47.964687922821284
4128,41.815092167367226
4129,35.7092891398201
4130,70.49572567132714
4131,69.67573897627557
4132,38.879371690449766
4133,48.73236926755558
4134,55.894073077619574
4135,24.42512482919352
4136,42.029381494288515
4137,73.05628126396246
4138,35.50265451303226
4139,81.07375189837063
4140,47.319602980022424
4141,69.2997338802105
4142,25.376406649512372
4143,54.97601986503534
4144,23.12345083279791
4145,38.559867488610266
4146,42.95958689857362
4147,37.23998445926091
4148,53.777629462125724
4149,60.3353164340461
4150,54.54397950327336
4151,38.37212785657792
4152,32.48485888968177
4153,27.177894583924488
4154,40.82899645146645
4155,53.05140951715573
4156,62.48163192499313
4157,68.18942645879427
4158,60.27266112871171
4159,64.99773124378973
4160,55.33165173471451
4161,49.589869192694096
4162,41.49420334273793
4163,64.39019250649837
4164,73.05204410828048
4165,22.969507643099742
4166,22.95872701973706
4167,61.58401893078547
4168,32.12880707880309
4169,44.69562999866374
4170,40.2138183981248
4171,27.01626418004573
4172,34.99508897710115
4173,53.73834444218927
4174,37.1299769409481
4175,65.70237067489359
4176,54.59111687524762
4177,60.00673727707236
4178,45.952214427878914
4179,66.83459624147508
4180,47.17844068780884
4181,50.96363302505349
4182,80.80179838052695
4183,53.30646021543165
4184,24.98482183763165
4185,14.022935480276807
4186,24.212672645255676
4187,53.91119991145823
4188,26.491308205141845
4189,68.92303722007267
4190,75.20540269404907
4191,33.55018040246081
4192,57.80622982224661
4193,45.46766626475768
4194,50.172170817135544
4195,72.2659069549901
4196,62.23174344182999
4197,53.71099006902445
4198,49.015552653954416
4199,63.80649229471928
4200,25.839756166562307
4201,84.42097660856473
4202,52.790421195547054
4203,71.54521798862169
4204,28.835290319057613
4205,28.361773368411136
4206,67.50634488056947
4207,30.79691855727205
4208,75.08223511646827
4209,48.18229781022594
4210,54.497451687552925
4211,50.504294788286764
4212,73.44310400655272
4213,46.05901770157954
4214,39.06059486710774
4215,54.25081423200864
4216,67.81795227075308
4217,28.461724594895085
4218,69.81944766686317
4219,34.03193695434362
4220,47.74944053170984
4221,31.517842068179114
4222,60.995968652741176
4223,69.85267855034276
4224,39.39494035483649
4225,37.98138555979473
4226,44.55522560742304
4227,40.920640762823226
4228,29.980522309820643
4229,66.8199896835762
4230,23.85579564142615
4231,34.523862690889366
4232,26.62353553795333
4233,66.88422377017412
4234,69.33797171400262
4235,53.092498146973455
4236,52.457879501122164
4237,44.52554282594607
4238,66.8865473637232
4239,73.70025871048014
4240,62.135888316379145
4241,94.8965723060403
4242,83.13604515456339
4243,34.9212049037221
4244,42.18615714329778
4245,56.59060813626047
4246,55.72196104682811
4247,37.22932039496615
4248,40.92136735763329
4249,70.33164048539558
4250,37.20145971825908
4251,25.137260373947097
4252,26.635206851786755
4253,27.644656150633267
4254,56.210678839765734
4255,61.477844085013515
4256,24.299414861940825
4257,65.76252941797634
4258,56.61127253240717
4259,73.69680481995046
4260,74.455857090785
4261,45.99078138471168
4262,25.608721119260753
4263,67.53292312311022
4264,56.94819596287188
4265,41.840267121802576
4266,33.100413892375734
4267,51.85291439985237
4268,42.44666694338329
4269,42.299924164965105
4270,71.4028345024469
4271,41.54892735124349
4272,73.5473001896592
4273,50.94991377798906
4274,43.87982838396212
4275,49.744488972654054
4276,72.58160428432444
4277,29.789472263539658
4278,55.955937261187294
4279,40.68193544844661
4280,66.5246115659539
4281,72.55284637212179
4282,28.49997245673223
4283,31.900252928116632
4284,70.11579524674323
4285,31.967943764560914
4286,27.84126004142415
4287,43.32747036383605
4288,41.8807547465846
4289,31.511309510298823
4290,50.12174157272929
4291,46.15727383083859
4292,43.92906765529018
4293,62.658674512321376
4294,30.957859594693424
4295,50.694963421604896
4296,72.23005690693152
4297,46.42542158563796
4298,32.25446226376689
4299,26.286243956359485
4300,49.41960204406565
4301,56.707402560096526
4302,50.26641725785599
4303,26.163280000345697
4304,25.46281925819954
4305,57.33518998255864
4306,36.17851821645636
4307,64.21812255677263
4308,34.6388593474843
4309,72.77953763095034
4310,37.39133909084235
4311,27.533867245193896
4312,53.02392398687911
4313,45.335870851691325
4314,25.804276491133447
4315,59.733159118014285
4316,34.46324146497735
4317,60.504435917691204
4318,55.284468901406484
4319,43.42642339121599
4320,51.36091511213951
4321,55.32671719079454
4322,36.418232580402446
4323,60.78524538832512
4324,68.47216084907285
4325,29.05502001754914
4326,22.535500484708944
4327,43.55709641639099
4328,27.557960068616442
4329,67.28469365824537
4330,54.791080987752295
4331,29.370309659905924
4332,39.28630788087051
4333,37.60663038728417
4334,32.846978737591286
4335,65.90645532445203
4336,34.31583355251281
4337,25.92597955672579
4338,22.61016800428093
4339,39.795876230173235
4340,62.05278390710878
4341,25.796467745571817
4342,26.499057368902843
4343,33.47889530121273
4344,64.80129294945169
4345,27.87970538846673
4346,66.33220906398054
4347,29.565060974029766
4348,52.945516107103735
4349,65.41275935835388
4350,43.95839658748946
4351,66.89150054950264
4352,50.582015146852655
4353,41.469702726599095
4354,41.38538247245967
4355,41.67377666009842
4356,70.50623630108583
4357,50.78544385913565
4358,36.35103055668155
4359,51.96562134182301
4360,39.755157422904134
4361,30.833087703926477
4362,24.965361946376138
4363,77.30829329161247
4364,22.43568865986939
4365,42.98725133209253
4366,35.125941879609556
4367,71.60594291787208
4368,61.97998937416632
4369,63.82369989986251
4370,43.16243216279648
4371,40.55168819606892
4372,32.14208195864546
4373,53.85357865162922
4374,38.312024219209164
4375,41.58166413214139
4376,53.31569945805994
4377,42.537274595939444
4378,66.55722185271995
4379,72.4847404737398
4380,33.78601311888836
4381,30.356846399547198
4382,48.766455573539005
4383,51.56748750366953
4384,43.06441211427719
4385,39.022421900146526
4386,55.923990297195175
4387,59.34564700859368
4388,27.040038475966014
4389,68.32666811863874
4390,39.16285323279634
4391,70.86292267633111
4392,44.967589829899914
4393,51.35750049932729
4394,68.37595944463715
4395,20.231991020518418
4396,28.898143943067602
4397,53.061608667587954
4398,64.95354775940649
4399,73.9907949167198
4400,31.670568038712958
4401,68.24022802451655
4402,32.13013436869244
4403,57.0177619229378
4404,44.0059085819653
4405,62.517635633101854
4406,35.091981486136575
4407,74.88812822421178
4408,33.00662500128084
4409,43.75279720006258
4410,62.32285624527605
4411,24.036002072995874
4412,40.359178259863654
4413,67.42449506922992
4414,53.330508967085045
4415,59.56494839909225
4416,70.06141432785617
4417,38.687503138636
4418,50.70263195031117
4419,25.271847068378218
4420,40.90522905909232
4421,30.187372706124137
4422,70.39355197215868
4423,32.71848056473177
4424,49.968245388393335
4425,43.60346704669451
4426,41.576984947698996
4427,23.70447143413031
4428,64.40648611572954
4429,57.23413906899807
4430,47.94627036626045
4431,27.231418419467662
4432,42.479539873642715
4433,51.58478302123807
4434,60.17864958706268
4435,25.146821689782765
4436,32.73819221652506
4437,67.47895122318874
4438,26.6191839853485
4439,41.62476640128814
4440,29.742205640971363
4441,31.73171980953258
4442,68.35554921976973
4443,57.4941151140778
4444,46.72581899882627
4445,24.60480285870019
4446,52.59767091070882
4447,79.30209441992997
4448,47.74176842277443
4449,27.844221884687766
4450,44.30939001837853
4451,43.459393268336825
4452,64.30041385269881
4453,50.39806648865678
4454,81.15342086593762
4455,60.25135100236441
4456,53.706769475546906
4457,28.695846245067912
4458,41.29710685982039
4459,44.45163384124555
4460,66.0275182659741
4461,71.69853615449561
4462,28.289395473049083
4463,72.72760077943968
4464,65.18831256343483
4465,42.952787201401804
4466,37.50030768119141
4467,27.61816317508181
4468,57.17123089193039
4469,76.513071680134
4470,23.59848494069308
4471,50.78310087044813
4472,33.694188103594854
4473,24.25907557500494
4474,37.32429246162324
4475,58.05477100670014
4476,38.80232874261056
4477,39.28604436068026
4478,49.69979457762392
4479,41.194837249545074
4480,26.651126359519946
4481,49.881020236553184
4482,48.944988342877394
4483,66.68025789934953
4484,35.377105324036336
4485,29.967494111862077
4486,24.739376646920903
4487,73.75266717935995
4488,68.34141611101367
4489,37.61185642986838
4490,25.001885824348857
4491,49.86474438357501
4492,28.364284700892334
4493,59.327008631869795
4494,19.706792776017746
4495,57.70500523430922
4496,29.206472784529055
4497,49.77840158534125
4498,30.796597681030807
4499,62.39366682525713
4500,27.746185359138725
4501,35.2083100701945
4502,66.53799980554867
4503,52.37399968672436
4504,79.85938261838896
4505,24.794777374062793
4506,54.12421210208018
4507,50.380962890278894
4508,33.52089650943442
4509,77.72863345316884
4510,42.44832282698819
4511,51.057777937168744
4512,42.477103048973035
4513,46.875521154949034
4514,49.02806789417048
4515,48.328818157594924
4516,59.603902330114316
4517,42.17682441661408
4518,21.175389468541496
4519,25.68301480570489
4520,37.105029625216275
4521,40.51116129773001
4522,44.30584602053867
4523,39.956684619391666
4524,49.329464943485405
4525,26.904120661515154
4526,32.7099434976451
4527,32.4617207480753
4528,31.4336604092825
4529,63.764917531723476
4530,47.8507830957564
4531,59.32587453558794
4532,67.63968765407182
4533,30.826900325411334
4534,38.13571476689429
4535,27.86138700345012
4536,61.039261843897876
4537,64.76192593707927
4538,27.20568752982434
4539,27.443550089526553
4540,72.25501261733993
4541,59.43723176505406
4542,24.27812075434993
4543,24.722346011918248
4544,27.113032078429384
4545,75.47798625710445
4546,79.42988809338954
4547,58.410194652289725
4548,71.4540920371655
4549,76.20833729496546
4550,52.01933841986634
4551,47.850816771702945
4552,39.80744302442425
4553,33.799359556140566
4554,52.97109317230937
4555,43.990690483976735
4556,74.94616909625982
4557,45.77568259343281
4558,35.66462708706011
4559,47.93026292907042
4560,30.73508709246893
4561,27.949208442643247
4562,61.787991596240175
4563,44.83174269746611
4564,34.63339064535551
4565,51.4467271803259
4566,29.634269306140745
4567,53.790176947493165
4568,59.96927884360698
4569,57.20328381093652
4570,26.74732739914081
4571,38.71180056020591
4572,33.910178127326496
4573,69.1649500154124
4574,26.382276229300437
4575,26.197215455510936
4576,50.598558371101745
4577,61.29782022453131
4578,74.74930694503982
4579,37.88862487414387
4580,39.31014244527309
4581,53.35459944987944
4582,48.25929251011203
4583,75.24750035259405
4584,42.13883504164524
4585,58.769783708570756
4586,25.256335679258264
4587,40.86829204726706
4588,52.83947024436395
4589,61.349210658137935
4590,66.89214704169183
4591,37.40544212218583
4592,62.52615142272067
4593,66.84317327996345
4594,31.639895861259298
4595,30.501805423029033
4596,51.87086817967264
4597,27.33987627758876
4598,33.7624462282247
4599,35.83349215090591
4600,66.66850007521305
4601,38.04099113911783
4602,34.8586919169302
4603,57.77630653916625
4604,56.81437790992254
4605,68.99531349258756
4606,49.50197402697196
4607,33.17649039785823
4608,38.67528019399101
4609,56.13795207462014
4610,33.935805678779076
4611,24.73380207529765
4612,45.238345218630826
4613,40.661275896585
4614,29.85238749599167
4615,33.96204622852658
4616,76.21455274987372
4617,38.62761189575912
4618,88.90989430917875
4619,47.65004981891409
4620,38.04521054368912
4621,30.2241355872304
4622,49.58167471869905
4623,24.735419878711863
4624,47.191603535800866
4625,74.0914771809164
4626,73.05340374251611
4627,72.97986680065584
4628,73.27492403182798
4629,39.89584450166432
4630,70.79988632248383
4631,73.09638499022864
4632,41.804020190135205
4633,27.03856481071553
4634,63.70806168048746
4635,50.247119806334254
4636,35.443983183082366
4637,36.14604806439601
4638,66.72086361679983
4639,66.87975443809037
4640,41.042548193274285
4641,64.78055774542969
4642,29.648471398875255
4643,73.26099577760883
4644,35.79430867201465
4645,27.587783337204577
4646,77.81247592527495
4647,71.87350153688527
4648,30.63759867392602
4649,34.0345271669459
4650,43.67406822385078
4651,43.2464643374628
4652,44.1864020039612
4653,81.82044394116528
4654,77.91061090431558
4655,40.84232013170582
4656,31.404881661215022
4657,37.66393993681018
4658,24.524495702681588
4659,59.318345661907806
4660,26.64853129657656
4661,44.470553389273825
4662,60.45775149924057
4663,54.72111128041871
4664,70.70379465222726
4665,29.63366179825232
4666,72.28055076582504
4667,23.943063921181192
4668,19.487072899890666
4669,45.643431900817674
4670,45.87487283477951
4671,64.98899146173312
4672,42.46273779176377
4673,32.17990774147786
4674,62.49114926377302
4675,48.33407481455928
4676,30.440925045032575
4677,68.22399864590588
4678,29.97942997547704
4679,55.84719723225144
4680,70.0782586966213
4681,31.072091294494196
4682,72.20448999070047
4683,44.587657951106074
4684,56.980363655222654
4685,41.345910706499566
4686,62.68048388863716
4687,70.45781396931812
4688,47.98667301942355
4689,56.06941597072654
4690,27.09172210914045
4691,61.95912952772131
4692,48.95409544163524
4693,31.430477679149053
4694,64.40884712989126
4695,64.9197603806206
4696,55.33315342744517
4697,26.60154563431837
4698,48.85854121053616
4699,81.93630636279502
4700,68.83173450321814
4701,33.63615801276425
4702,41.191528739194716
4703,38.57410868272184
4704,26.51152182267253
4705,40.96664172106833
4706,39.09123858854379
4707,56.58174005671544
4708,26.01264089917096
4709,32.52717288624064
4710,28.360486793120085
4711,28.751507944783807
4712,58.17776060172846
4713,44.609711705741034
4714,44.86363013239427
4715,73.59341911254283
4716,35.46911127214496
4717,60.29466345342323
4718,39.747825169461244
4719,29.345182162602754
4720,71.36332196066147
4721,29.945894688590798
4722,41.18536326337486
4723,35.018817433134046
4724,45.98346494723559
4725,33.489599399779024
4726,38.61356956678457
4727,59.18163994797327
4728,65.40653288997663
4729,69.51643118753316
4730,65.44436927281757
4731,62.432283518750246
4732,34.247860794442595
4733,44.78460674854742
4734,44.23195236384413
4735,28.917827151090382
4736,30.95001444056292
4737,61.18327027440238
4738,25.968305822797817
4739,75.88573612818129
4740,70.31714287871534
4741,27.18291901944533
4742,31.896394562685558
4743,65.45623496043866
4744,52.94981674520933
4745,59.13284667000255
4746,55.851708074810084
4747,68.1369822030758
4748,47.532094695025116
4749,73.71353943308259
4750,36.127738545898936
4751,43.81817343368915
4752,42.33174270609619
4753,74.45614969405001
4754,84.11774285991217
4755,32.53901212237402
4756,57.870670714526035
4757,44.962378855477624
4758,73.65531806414864
4759,26.855240329859974
4760,49.07705953961594
4761,59.17486560692893
4762,37.011440448065464
4763,66.97231504753262
4764,36.41968271645391
4765,21.624726667431375
4766,28.00022589331803
4767,38.05671057017197
4768,35.52373230716848
4769,29.964751116515803
4770,36.60402496547708
4771,30.081727419992948
4772,47.1557054750873
4773,65.05507759724031
4774,47.834319804243364
4775,52.68022444820349
4776,58.66074732426522
4777,39.77770957057869
4778,30.528739246635137
4779,56.10230795753082
4780,44.41010509679674
4781,60.196541579684336
4782,28.58741388466253
4783,39.58189281670357
4784,41.95553792461149
4785,42.250313067082885
4786,32.75141111244942
4787,71.10518935239351
4788,73.78953888225004
4789,79.78281518784371
4790,36.972538873142234
4791,62.76416911759293
4792,54.838809942426245
4793,29.435063380927744
4794,27.225044163100023
4795,31.315517978662662
4796,41.44826481559966
4797,24.24949881397101
4798,39.01698022594378
4799,48.85268523647245
4800,60.21695122213275
4801,31.929079862504118
4802,22.38451535673404
4803,35.40501870725883
4804,34.66054990895293
4805,35.86509353675975
4806,35.2939310969891
4807,71.41084461126297
4808,34.42519657550744
4809,77.35960481755498
4810,54.23069869049945
4811,61.280124209159595
4812,23.846909697312334
4813,28.027395529801343
4814,65.06138592288794
4815,48.03348356206724
4816,47.627468498921985
4817,53.27160748623438
4818,40.08636230451262
4819,91.95300932334584
4820,35.891834912348784
4821,40.723593974689805
4822,51.79649553381823
4823,55.37183549366153
4824,44.66376307289414
4825,24.453977466522176
4826,45.00948274955274
4827,33.03929308703738
4828,61.684380323999086
4829,27.231246206870562
4830,62.72788975553779
4831,56.25012670784081
4832,81.1687642562135
4833,27.647009576198304
4834,22.550048836461425
4835,32.398501969856675
4836,30.174349745455206
4837,23.078507829492313
4838,55.30743066247337
4839,71.8104399830184
4840,44.34771505863438
4841,56.03334573213574
4842,32.3533859873273
4843,32.1601030773552
4844,38.30982681192423
4845,25.162241500599045
4846,47.150903357095345
4847,79.40296896790339
4848,66.77609183159538
4849,34.28519566714925
4850,22.97933567564845
4851,36.54890432656424
4852,54.26714038023089
4853,27.43217974075551
4854,34.23271330385988
4855,45.36591131304829
4856,64.01146487922126
4857,43.55901539011131
4858,38.912682720557456
4859,40.43543017659883
4860,41.62261107033528
4861,35.05832703694489
4862,37.76217724759033
4863,29.578699450626843
4864,64.34012684861337
4865,37.870475439538176
4866,67.31580678944529
4867,42.09724517593715
4868,40.63643092407887
4869,48.74292329548416
4870,33.786030141862454
4871,73.43591580205046
4872,57.36392055921292
4873,35.96021501138709
4874,28.62478197875969
4875,57.844509249392814
4876,63.35497594730735
4877,43.699146288933804
4878,80.01818927936927
4879,74.94594929110531
4880,41.562705034224976
4881,50.669101330361386
4882,39.75738022100309
4883,28.498707298040852
4884,41.31478393861045
4885,53.620317439386184
4886,74.3622327310403
4887,48.98953098565254
4888,43.36474201923093
4889,28.645856829479836
4890,48.69571009686546
4891,52.42391496172192
4892,24.447271529233873
4893,63.522857749401936
4894,36.325189595464124
4895,30.687766169287915
4896,41.750214775079435
4897,67.52921640704038
4898,48.17371911583415
4899,68.16444385066264
4900,41.24598847328403
4901,74.76862848827409
4902,55.027745445774656
4903,63.86371000646254
4904,50.6081428791012
4905,64.1723451104905
4906,60.61940566646835
4907,42.509870056944365
4908,23.421528215817023
4909,68.82272936448311
4910,50.151399851025865
4911,19.275918431795805
4912,27.509309934470227
4913,71.93863808738661
4914,20.554063004615468
4915,42.77962400922458
4916,49.07421295270223
4917,44.79320557674001
4918,27.185555188553266
4919,71.71595442277419
4920,23.810595521597953
4921,36.87035448826782
4922,28.435959620759007
4923,55.443843136931655
4924,40.45364819738035
4925,49.7546641453382
4926,69.0339395358886
4927,44.348951154474264
4928,66.11900950012844
4929,75.14257403514749
4930,26.5883200620715
4931,41.298862019639344
4932,47.444703303848215
4933,52.970127516153426
4934,31.23366791083214
4935,40.96114345921698
4936,60.54346616712195
4937,26.91674240779483
4938,73.93793771615316
4939,41.009325504196035
4940,47.013144962918815
4941,59.472157976325015
4942,45.87505315044608
4943,54.617418061668644
4944,22.788389861450604
4945,69.81393426135702
4946,35.45778110612311
4947,37.65216035193144
4948,22.304671545239337
4949,42.406026728923734
4950,43.310383996752904
4951,17.39532113581901
4952,48.010507836367445
4953,54.32523025761652
4954,47.234062446515445
4955,63.10548167389646
4956,44.66145982482885
4957,32.9476160152659
4958,51.69669638640276
4959,35.56204416810577
4960,35.5486331978837
4961,29.500415473384674
4962,69.64645643228381
4963,43.89387218906783
4964,47.063349718687874
4965,69.72056716551472
4966,31.976411870753612
4967,46.23976958790749
4968,78.47679014499022
4969,70.88202927201107
4970,70.14497102329425
4971,58.40778608741035
4972,37.93035875766252
4973,24.748840612445353
4974,64.26219289095928
4975,27.30477780880902
4976,43.238521873226915
4977,27.47500547099346
4978,53.27617013383424
4979,45.39128649852349
4980,76.71071417315522
4981,38.50177673728711
4982,37.43041279344877
4983,38.51269322533572
4984,41.295235192834284
4985,53.60673807073313
4986,74.99581010042257
4987,22.59814989591132
4988,48.788367971921204
4989,44.5266654900919
4990,71.9780041570979
4991,62.69537974463581
4992,40.785060483021866
4993,30.57560673999914
4994,43.57985108959261
4995,30.466506408139033
4996,57.38989238628605
4997,58.24807189411882
4998,45.60068623024611
4999,111.52304144529359
