ID,LoanApproved
0,0.9993605679446752
1,0.007545195628270132
2,0.9994772384905973
3,0.9984509104338842
4,0.9944511133417148
5,0.0011572916937505283
6,0.9997962612152399
7,0.9980654821325694
8,0.8086291594414988
9,0.00018452995149816564
10,0.9787886968501268
11,0.8702149750973731
12,0.4134175806089676
13,0.9994499466315994
14,0.9722813069965403
15,0.005016073668930498
16,0.9999762203814475
17,0.9910475004480821
18,0.0003267105624661156
19,0.00014304559746303682
20,0.0009475120020842811
21,0.9997488599022932
22,0.004220839111309067
23,0.7595481802956728
24,0.24883121839856817
25,0.9999381915317204
26,0.9992629959266532
27,0.9978139563910811
28,0.003958537839091764
29,5.635846417875007e-05
30,0.9957198801211348
31,0.04988220365710767
32,0.9805398170012027
33,0.990656746930898
34,0.9979174594315269
35,0.9994458821799485
36,0.0039610834378805615
37,0.06509955738954226
38,0.9301209523114041
39,0.0016924240975642669
40,9.431684197123702e-05
41,0.5285609700015386
42,0.003823344292322467
43,0.9998819293032156
44,0.5473959374477538
45,0.9996935785028502
46,0.9832703508084008
47,0.0011364727939894958
48,0.9996591925062254
49,0.9990426216580428
50,0.0007823288035790028
51,0.04978992505207839
52,0.06372711752485377
53,0.999204122666496
54,0.8965782278417056
55,0.5723429328440828
56,0.039131756249469636
57,0.9995024990548212
58,0.9978847185502911
59,0.0016954170664999755
60,0.002407865481869151
61,0.003159536536477261
62,0.992165856387736
63,0.00021149722998739295
64,0.9945098025242558
65,0.9900068041411024
66,0.006189184908259944
67,9.798405050689214e-05
68,0.9997499129522185
69,0.0004400010884875563
70,0.9997748615985375
71,0.9986029654342381
72,0.0010178959923981329
73,0.07886713617656158
74,0.013244730901149075
75,0.00011654892383215502
76,0.00017094108650057022
77,0.999910174567477
78,0.012011742485148903
79,0.005556521565285813
80,0.0001695185409054155
81,0.6748260102644974
82,0.0022850601261158263
83,0.9980768951588078
84,0.0006519720408691773
85,0.00031018383149616745
86,0.0005777483414733629
87,0.9998428329865828
88,0.9618796962595104
89,0.04441004912122076
90,0.9878558877778095
91,0.9738522985275871
92,0.8072188979817077
93,0.9998944650932415
94,0.9521840982988605
95,0.9984885720336298
96,0.9942207397425675
97,0.00011196509298806533
98,0.8837454817835473
99,0.004276110902937592
100,0.9998318832732311
101,0.998581011843567
102,0.00029343102896286306
103,4.184301305652897e-05
104,0.999521268119185
105,0.0005277320711503055
106,0.0023153852163185886
107,0.0005080850166143134
108,0.9927562202008563
109,8.037920974804236e-05
110,0.00015053087261762558
111,0.00014992740117002743
112,0.0003388465335254093
113,0.002097656506538896
114,0.0016135365497704191
115,0.9800080810487192
116,0.000252758017848204
117,0.0015796121162673915
118,0.8157960922862414
119,0.9265244269011859
120,0.9985747778783955
121,0.0012937752926495789
122,0.8376837715606036
123,0.3001296728591092
124,0.9752731266679507
125,0.023415836004710477
126,0.99912314278567
127,0.9997328339030306
128,0.9980068451887173
129,0.008776514828869817
130,0.9988083429553709
131,0.0006197780490244468
132,5.890829637893634e-05
133,0.00019325424235737973
134,0.9999670631091778
135,0.9168317338766481
136,0.9999263673299199
137,0.22479594648205212
138,0.9999073764985922
139,0.8389409631138111
140,0.05700243016782609
141,0.7367992009066249
142,0.999722831334902
143,0.9991525418953927
144,0.02186983269687035
145,0.9997846867937036
146,0.13839414246531895
147,0.002093226887811458
148,0.0009154645706110836
149,0.0009970111098164792
150,0.947832272634705
151,0.971408289557321
152,0.0002427412547725272
153,0.9700433999352491
154,0.00015750796207430416
155,0.9998546904940377
156,0.001256411858965334
157,0.010359537860155624
158,0.00012302994869215988
159,0.002602203738594736
160,0.8644546720465139
161,0.8486621171091958
162,0.0001277491547791747
163,0.5863193539148771
164,0.9158225226160083
165,0.03795073659231338
166,0.6735419889328876
167,0.7278369486326317
168,0.9969855538251271
169,0.9897779215068014
170,0.879202813564435
171,0.35321063622662696
172,0.014609967818146507
173,0.9715228278970085
174,0.9642608350405046
175,0.007085847254234727
176,0.9441074818940319
177,0.9954173409596698
178,0.8075110294285158
179,0.00011777712128039783
180,0.6303455341705131
181,0.9997392027677346
182,0.05342798524511176
183,0.011891365812336852
184,0.00041047202645590626
185,0.005053349574810318
186,1.2106104014599687e-05
187,0.4592436159682899
188,0.9995610028970678
189,0.9998863437119276
190,0.9997783757832149
191,0.0001329600173145834
192,0.2112325320222869
193,0.9998378055762194
194,0.0008184041779550247
195,0.9995973283256167
196,0.9964461656649656
197,0.001378560421275709
198,0.01934629575389697
199,0.992289407064833
200,0.9998428969902419
201,0.1678730665932565
202,0.9926990437599119
203,0.9986870436223644
204,0.00010489079353092952
205,0.013008497535367092
206,2.287081393340401e-05
207,0.8642050597175782
208,0.005787473347562083
209,0.7953711497791766
210,0.8755753906622507
211,0.9950137979406519
212,0.0013986124110897434
213,0.07967691758326549
214,0.9983300585792799
215,0.015988055976556365
216,0.002229483315802905
217,0.38659199172580266
218,0.23412452519447438
219,0.9862221736059785
220,0.9997911810111497
221,0.99547750590516
222,0.9996225945718057
223,0.13406030125625612
224,0.998511936966185
225,0.007052639593367702
226,0.0031592496802079944
227,0.9992985647712256
228,0.6039912892854864
229,0.9990109648020798
230,0.6639359853515113
231,0.0957475928892187
232,0.86236473779284
233,0.5536801920080341
234,0.002151886809699566
235,0.03680163999716948
236,0.9995340419856867
237,0.007748589871439272
238,0.02785327970947902
239,0.9981043313986669
240,0.00022727465005909807
241,7.502537992901186e-05
242,0.04583060376971265
243,3.8077927212309924e-05
244,0.00011268855262128246
245,0.0005462322355735031
246,0.9999841142022541
247,0.9895739127008389
248,0.00016681907467236843
249,0.99996619150468
250,0.009241072442443009
251,0.9991758480562969
252,0.40525785480795706
253,0.005063518793206568
254,0.0698699440931273
255,0.9998960945836898
256,0.4430853377816853
257,0.0013900948976882596
258,0.041461242787425266
259,0.9995018134115857
260,0.0012335928807943458
261,0.007526759066643734
262,0.9994669769969527
263,0.00014390739084792
264,0.0003954601230252203
265,0.9979693040200015
266,0.9690253467428436
267,0.9850814322751223
268,0.00504152672965215
269,9.701767608515922e-05
270,0.886777379777205
271,0.00015094149479490327
272,0.9997289433993334
273,0.154515807020357
274,0.9456294394875139
275,0.6785097696199938
276,5.7703219641528475e-05
277,0.7991467906908694
278,0.24516703405709517
279,0.9994464547024846
280,0.00556745866632226
281,0.0139830493182998
282,0.09855022176035175
283,0.3190293363834338
284,0.996736354798904
285,0.9999577810384979
286,0.9962597141563752
287,0.00028009096047790124
288,0.04737360465109498
289,0.9499248925644624
290,0.8110779040727666
291,0.9061526997055803
292,0.024799077211187435
293,0.005129336551454987
294,0.9994475203099995
295,0.00044708062576367496
296,4.032932632523271e-05
297,0.9695317426526319
298,0.7411459346000008
299,0.0004244505900086526
300,0.061664918951756735
301,9.445759710749158e-05
302,0.9356687169237754
303,0.9956869877441175
304,0.05701413352590108
305,0.9999285798794075
306,0.9962497396883885
307,0.0004023666018557629
308,0.5996655210699537
309,0.9859740995882637
310,0.0003448970596389185
311,0.004965394003729832
312,0.1633820140308988
313,0.679119108470978
314,0.00017137055822674384
315,0.00012663613154470906
316,0.9960749535734265
317,0.9988211352467186
318,0.006167015449825947
319,0.9996271238522829
320,0.9998820837897863
321,0.7542395105667493
322,9.602283890323774e-05
323,0.0005100164040359855
324,0.0002144811923091593
325,0.30021620529471726
326,0.00011180327618271747
327,0.9996778617431307
328,0.9855421083749817
329,0.9998415863797613
330,0.9902641670691799
331,0.00849209236094444
332,0.9984978974138152
333,0.005494165869106833
334,0.008503057061189563
335,0.002943935369951298
336,0.0009121447730327582
337,0.9997790279161861
338,0.9742306990714383
339,0.1854543161019791
340,0.01433565081179529
341,7.71203034549474e-06
342,2.854801958123216e-05
343,0.0030499215926504245
344,0.9987834645482244
345,0.999884378516516
346,0.4307538236547351
347,0.964871662853802
348,0.9697177089014878
349,0.9952125718125195
350,0.9305248217086008
351,0.9975226455780479
352,0.21024167154340112
353,0.9998702076636105
354,0.9997382216303304
355,0.9983326294030344
356,0.9999820663575162
357,0.9999635478877892
358,0.9428678504630399
359,0.00027376043698104494
360,0.9961805881829666
361,0.9998102252922251
362,0.9836594755305504
363,0.0010641986788280304
364,0.02622516843373075
365,0.18859821681676736
366,0.002888489661074507
367,0.9981045092484858
368,0.007558656668361972
369,0.3031454496628064
370,0.9991108896802748
371,0.9998390098268114
372,0.9992784253478704
373,5.518284683604279e-05
374,0.07896644968567679
375,0.9887412869997599
376,0.9999295928795745
377,0.0023012058122669145
378,0.9844650742313659
379,0.003470331225482848
380,0.9937732399206238
381,0.9774838552794832
382,8.074248292673802e-05
383,7.705452410299776e-05
384,0.5634607179777231
385,0.0015239982293530495
386,0.9997681258233413
387,0.7587609501351233
388,0.5219205975057345
389,0.9810608648459803
390,0.0005203851601276421
391,0.0005209668319916423
392,0.002445370216965927
393,0.9997336028517542
394,0.0001033768580630788
395,8.221070224113963e-05
396,0.9995730643745968
397,0.998714238877812
398,0.00021594884990544185
399,0.9800576898857458
400,0.21154152093079548
401,0.0005314695375338836
402,0.9994751465307986
403,0.00011026075023657752
404,4.81062287524668e-05
405,0.11595003530413367
406,0.999774985226844
407,0.002532264735815882
408,0.2917263957770432
409,0.9987865628485761
410,0.9758793799297444
411,0.9998493362754926
412,0.9999384881561048
413,0.634119471421826
414,0.0025853054594230248
415,0.9635430503131258
416,0.018219690102038166
417,0.9984598348003889
418,0.999955977211568
419,0.988412896353314
420,0.9998221809603627
421,0.9988294583374169
422,0.9997204993334837
423,0.01704481569121807
424,0.9994787443373345
425,0.19222633541445183
426,0.990802901091833
427,0.9965197652702948
428,0.012751171423071729
429,0.998231225658911
430,0.0031810619938416364
431,0.9983054294190591
432,0.0005695408303788536
433,0.0007015390351985567
434,5.3276946459598394e-05
435,0.008752704411197137
436,0.9998324987690798
437,6.88894984449797e-05
438,0.9314835323832105
439,0.01296923095613103
440,0.0017945889702699756
441,0.9523358475895647
442,0.0001372593541098469
443,0.00010250087223053914
444,0.001152159337083816
445,3.136962115017374e-05
446,0.00022635415812489643
447,0.03815704183328865
448,0.11167719334227907
449,0.000773142773771405
450,0.0013019495798280896
451,0.007538833167287153
452,0.9997020798143137
453,0.00690310099256859
454,0.09910623427037822
455,0.011118585219594237
456,0.9648262780620348
457,0.2901018581391133
458,0.9643550182469887
459,0.22026711111254782
460,0.9953130264300415
461,0.9914909356321989
462,0.9999241715825148
463,0.07847337253960458
464,0.9998888273799026
465,0.04562984020447396
466,0.9998059181575784
467,0.0060378840531828595
468,0.9449415928742667
469,0.0001948249830376779
470,0.017264130591729626
471,0.00015560229521813875
472,0.9935191110466283
473,0.9997341416741492
474,0.9998883067722903
475,0.00014727440339482956
476,0.9997933873043932
477,4.1997593426819164e-05
478,0.9998273563348045
479,0.11017412377728951
480,0.014990059147710032
481,0.9643700597549243
482,0.001910502107189692
483,0.9737387293907324
484,0.9993601479458324
485,0.05229419354646214
486,0.002879067225619289
487,0.994924759894098
488,0.0011695484710832974
489,0.9997778721409544
490,0.00015208778902807435
491,0.9998949316972032
492,9.059250032194241e-05
493,0.9791494099941652
494,0.002067563653408961
495,0.9998316689285219
496,0.00047251061501163834
497,0.00021938822145560236
498,0.8411991541334758
499,0.9998208322767658
500,0.14298698585242653
501,0.805782852454788
502,0.0006548720563303723
503,0.9997316145410663
504,0.6826460397594013
505,0.07305133851241802
506,0.09738433967102925
507,9.66940566119473e-05
508,0.9999260880973576
509,0.0009543766987614136
510,0.18035045714241021
511,0.2998525859920576
512,0.999907556568009
513,2.5586641150172676e-05
514,0.0005345904907069825
515,0.9999343474573273
516,0.7768510462772046
517,0.1794515472780814
518,0.9821081395176611
519,0.8220394291173914
520,0.03173516244710538
521,0.00024066408232644107
522,0.0008874879926948908
523,0.9540953450900694
524,0.5072925083682794
525,0.00031749521206199545
526,0.1426646822082506
527,0.053540794221506004
528,0.9842672173336373
529,0.9993503773179063
530,0.9996289512466778
531,0.9975086262150414
532,0.3168730581447243
533,0.0017176673071175096
534,0.16456336841777328
535,0.9866391757404063
536,0.10084785352792311
537,0.0003983227952018814
538,4.21301876018352e-05
539,4.343365889274767e-05
540,0.00014428235501397162
541,0.9868031385328695
542,0.0006885532923131376
543,0.020868770200645575
544,0.040499295071539244
545,9.971912836058757e-05
546,0.001129542410449415
547,0.0380519705104651
548,0.0011870214834245024
549,0.00025084291854585514
550,0.8721962496611939
551,0.9975159100837723
552,0.00040276176162989117
553,0.9881062550981248
554,0.004112958993170861
555,0.30261270238729604
556,0.2425028733787655
557,0.9832215430546826
558,3.9500013290043156e-05
559,0.995972960683204
560,0.9849249429394585
561,0.0023431328942537465
562,0.0006719596451559289
563,0.007549109744272184
564,0.9970607539421903
565,0.02571960590345102
566,0.23605914510723766
567,0.9808272831083787
568,0.00590394293282593
569,0.999163837394625
570,6.330385042139849e-05
571,0.9891488957516552
572,0.00010516749204695561
573,0.0013543947598903016
574,0.4695529973950619
575,0.8770430781505796
576,0.3463035138495794
577,0.9973238283564105
578,0.0015550883200427994
579,0.9555956696804562
580,0.9994793979713744
581,0.9992372892804221
582,7.258064932810757e-05
583,0.17654569973586104
584,0.9994671549750961
585,0.999029222145936
586,2.4521733246151813e-05
587,0.13262948418850865
588,0.4249233384411541
589,0.9964293957016224
590,0.0004929325687333649
591,0.9893091554949254
592,0.0013618784291045407
593,0.0032991781537055546
594,0.0034696410812261485
595,0.9995910079834622
596,9.34899184886897e-05
597,0.7753241698811761
598,0.007869235997893713
599,0.05378501152850088
600,0.9719659894807967
601,0.00023752268207185288
602,0.000557766027683072
603,0.11873199360357899
604,0.035393411275655345
605,0.9973951428889797
606,0.968692612298521
607,0.010863808788827475
608,0.9992803136787791
609,0.9922049454958747
610,0.21085657575223632
611,0.9494388829835602
612,0.9357041743743408
613,0.7617835160671061
614,0.9673325401346897
615,0.9934869590443949
616,0.9996564003046954
617,0.9966633662186706
618,0.20998308826165563
619,0.831513623237266
620,0.9991718919245569
621,0.0020171098494299686
622,0.0025786277065455625
623,0.06128323616872047
624,0.6973322020402105
625,0.00011003451213862503
626,0.8108227290977501
627,0.0008892250271873668
628,0.00015169368290656162
629,0.9997704684879317
630,0.9167809542450837
631,0.9976075982460749
632,0.0001916749030088205
633,0.9998396816616262
634,0.9973563680548763
635,0.9612114946200823
636,0.8181983306641881
637,0.0013899430125560183
638,0.9977262937467408
639,0.007283611526930492
640,0.0001268427953334526
641,0.49876691011442004
642,0.9859866243769728
643,0.015500523865703554
644,0.003263092756840493
645,0.9939043272382996
646,7.22673323271662e-05
647,0.00011421529981421439
648,0.008159153253800316
649,2.7057830668156308e-05
650,0.9997063767070062
651,0.9999221344056076
652,0.9979526964311207
653,0.9937479610728267
654,0.9957436379214708
655,0.9781738399102046
656,0.9829536402690224
657,0.00043895877621406203
658,0.7198550248847356
659,0.9789470046551686
660,0.809775829711881
661,0.9999593424191944
662,0.9997182437958665
663,0.9878763936193142
664,0.14153677291434388
665,0.008707698959439472
666,0.9986931326940608
667,0.9856231404294372
668,0.07485237888319654
669,0.9270630332955506
670,0.9952222385635411
671,0.9995503951705561
672,0.9999584118084889
673,0.8496747607687077
674,0.9769259595899072
675,0.0033440569465074616
676,0.2110320356500781
677,0.9846617623898569
678,0.9433422467170385
679,0.0002044981431128522
680,0.005974662395775901
681,0.8348565216033493
682,0.8712443968243253
683,0.9683726298861166
684,0.9986444249260821
685,0.025495340722027714
686,0.0004859286848724646
687,0.9996779202148321
688,1.9534908126013427e-05
689,0.006386610998688624
690,0.6823957874020482
691,0.001421073068481683
692,6.836153300827752e-05
693,0.8364328144931953
694,0.9996846326738307
695,5.0672871834449854e-05
696,0.008694075507369623
697,0.00013344593888570407
698,0.0004659829946628864
699,0.9959439985129559
700,0.0007055052102120492
701,0.9658625810341219
702,0.9988189737006926
703,0.9996965896877495
704,0.9999638733835889
705,0.9999225143137883
706,0.3743011761147539
707,0.0018354685706924406
708,0.00019305995959078843
709,0.8809422488257627
710,0.2681424967946703
711,0.27346519758403204
712,0.9998887550131574
713,0.004160183515477958
714,6.541298994662353e-05
715,0.9998822385793475
716,0.9919117223305501
717,0.004465774317282537
718,0.9078952084724661
719,0.9975283148168071
720,0.019113932713266953
721,0.0029875302775914515
722,0.9998793749182691
723,0.9912625051780797
724,0.0006543582630088279
725,0.20307104197881004
726,0.9782571981675209
727,0.7084421205396806
728,0.0002679658638244002
729,0.9997789959198153
730,0.9556582202972134
731,0.005839337978778595
732,0.9909713917893053
733,0.7117212388693966
734,0.14932846282592224
735,0.9997983185833272
736,0.0018415963236279637
737,0.07247607192439326
738,0.9991116765114599
739,0.9998324809473599
740,0.9953364431274074
741,0.0009357191107221858
742,0.9888796379687094
743,0.6371549641384083
744,0.999743426737242
745,0.38764963036614364
746,0.5812935796340035
747,0.0010511133114116996
748,0.985093345719931
749,0.9983123968678793
750,0.0002522605748702913
751,0.13693343042368153
752,0.0005486129482072991
753,0.6067610702861735
754,0.7115625068046518
755,0.3296567285357316
756,0.9998395691481295
757,9.174845682714915e-05
758,0.00012843256206409006
759,0.09864297266595559
760,0.9998377330957048
761,0.5971887010767999
762,0.9945130468239638
763,0.9955608256495606
764,9.585124403499622e-05
765,0.00019158668156458926
766,0.999551250115905
767,0.00011075017457019841
768,0.991813477654733
769,0.35897317905665366
770,0.9961770068361067
771,0.0006335095593398683
772,0.020898590228533347
773,0.9996555610254046
774,0.9879326467016181
775,0.9782870027624754
776,0.9954839256552723
777,0.9951666575002734
778,0.9983461719547844
779,0.9990635205753671
780,0.31668918522822204
781,0.14694781298420737
782,0.0001623312346759432
783,8.327563271026313e-05
784,0.9993179178304312
785,0.9860192319101206
786,0.27215040449963773
787,0.0002886107677914446
788,0.010675615709954244
789,0.9121012998956298
790,0.00010852666779175088
791,0.9999436853643604
792,0.996785847909924
793,0.9977272392531243
794,5.8843318904616926e-05
795,0.7083504061807896
796,0.9129368984193531
797,0.9998584001279681
798,0.00043915110058835675
799,0.0001227956868489844
800,0.0022403542038456487
801,0.5581064321204381
802,0.9967848339432913
803,0.00618916032003539
804,0.005685174483531694
805,0.0033586777138501717
806,0.004845142860537735
807,0.06934326038035583
808,0.0008561354961856681
809,0.023572023788672816
810,2.9224387103575936e-05
811,0.5063523395918712
812,0.9999566041338636
813,0.0005314369582490307
814,0.9781259958558148
815,0.00114162994435907
816,0.9999092581879652
817,0.09724120855290343
818,0.0010804024942186166
819,0.9996359215229338
820,0.9993881839368293
821,0.20392438600680438
822,0.7498368059942928
823,0.009570254068290346
824,7.396539112037991e-05
825,0.00014735303508817894
826,0.24441230365004352
827,0.4309211349000439
828,0.9998676212140462
829,0.6842145583529491
830,0.9326368128460808
831,0.0006465946462179046
832,0.9841248051220544
833,0.026540907713420783
834,0.9972767408039105
835,0.020693668982453162
836,0.9844607274623601
837,0.9975351812404956
838,0.9919098703340941
839,0.20528838046163964
840,0.0281611416218173
841,6.935591696316604e-05
842,0.06094279197725389
843,0.9810470884631664
844,0.00017960080735121225
845,0.9044918296641555
846,0.9876301596908523
847,0.9998014780641771
848,0.001613906652362253
849,0.6949506073094017
850,0.9994963517726773
851,0.0012863310670197861
852,0.004356854787119503
853,0.8422918224743491
854,0.999639573215904
855,0.993092917604754
856,0.0024139409809351563
857,0.9997964526981139
858,0.8184644509817792
859,0.032324017821787086
860,0.9894317212690545
861,0.7994206564717514
862,0.47626616955929596
863,0.9999731084399822
864,0.9998951936625725
865,0.030846287689795207
866,0.0009112360981954136
867,0.9443896381048262
868,0.5493121329315162
869,0.0014313394152356267
870,0.991853148870273
871,0.9993027332360388
872,0.034538427091751735
873,0.09181348944083442
874,0.9998265017644139
875,0.014506574452594167
876,0.9996755062686855
877,0.9972674531081276
878,0.8388318350443914
879,0.9999356301469717
880,0.9705519507988091
881,0.9996047750336464
882,0.04561763659434775
883,0.999743542861263
884,0.5663746134696145
885,0.9993013327780941
886,0.0010565914621807205
887,0.0013488357715228997
888,0.0013572516663032297
889,0.29968049926225143
890,0.9991816793512219
891,0.9850832709289288
892,8.722963931232948e-05
893,0.9956481969012548
894,0.9652408348802728
895,0.9997941758774801
896,0.395024343761072
897,0.013231987133200968
898,0.02835657063731505
899,0.034959273521554625
900,0.999651635947209
901,0.0008904110190210835
902,0.0003608157087953434
903,0.004538403424464775
904,0.033808629904048336
905,0.0008876618893779229
906,0.9771176500019385
907,3.2912656919667195e-05
908,0.6181832861197616
909,0.00893762417516984
910,0.26456948318900947
911,0.00010467492068457343
912,0.0002614333894494459
913,0.013857465141772057
914,0.9998195286497696
915,0.19253831891339585
916,0.03917599016613918
917,0.006560658824274864
918,0.9996788287435978
919,0.9730568427354808
920,0.9987869548959231
921,0.9999578928452465
922,0.008345504838701393
923,0.9958172280617557
924,0.003541046913275874
925,0.00027964803350408846
926,0.4731636414936124
927,0.9968574517198963
928,0.6047518694244937
929,0.9996161465240583
930,0.9994738776273537
931,0.9998307141798054
932,0.9991825759070254
933,0.749643511645771
934,0.9931715748741274
935,0.25352335434046086
936,0.002918103299013095
937,0.9997853134869631
938,0.00012265140961369966
939,0.0014606674885324186
940,0.0006686240511673857
941,0.8408019054114081
942,0.8456014344206989
943,0.387798365073122
944,0.9982216330570758
945,1.6172253312931066e-05
946,0.9946177042521875
947,0.20427200681920699
948,0.10412839401717491
949,0.2882786760532101
950,0.9976889043711665
951,0.02103233127103382
952,0.006053221801900686
953,0.10819797697694507
954,0.9290577964484804
955,0.0005302396296068233
956,0.0010103453899409248
957,0.05978086846707102
958,0.6783030077339542
959,0.991832805506664
960,0.9989648839795703
961,0.6799401553420946
962,0.8286996050112827
963,6.792354582268896e-05
964,0.029981841503812702
965,0.9998428752515472
966,0.9934215264722963
967,0.00036711076218550674
968,0.9999616593024676
969,0.9998702068597752
970,0.023294300411931132
971,0.9927816168172132
972,0.9999194888194923
973,0.873392575490356
974,0.9998345307426736
975,0.8490554749570383
976,0.2909293462745641
977,0.00015543498641603425
978,0.00013496110734688814
979,0.9999828885276264
980,0.07776966107799545
981,0.44434078320374537
982,3.0608544105232626e-05
983,0.9989334387189112
984,0.02916034552215505
985,0.5825436140436282
986,0.9942182796941211
987,2.7746098141694236e-05
988,0.9934289108620223
989,6.264328918036298e-05
990,0.8333230294072372
991,0.017084009783913227
992,0.475178847864923
993,0.9998660529520405
994,0.00374735579155209
995,0.9998887935191281
996,0.9985250347096808
997,0.9958558388747926
998,0.0006076357533288649
999,0.9998240230365986
1000,0.9727781013766194
1001,0.017690628162738156
1002,0.829436000615108
1003,0.0030461350591537264
1004,0.02386521650010468
1005,0.9997790292161496
1006,0.0002677528274901234
1007,0.9994688716702641
1008,0.31537650727428373
1009,0.9958407524923613
1010,0.004882403706903194
1011,0.9990733535872752
1012,0.9671200390641096
1013,0.04205867077690587
1014,0.2206474589541323
1015,2.073349977895968e-05
1016,0.8928005069635346
1017,0.5705898908138801
1018,0.997796886972919
1019,6.422638954991455e-05
1020,0.9996637610664656
1021,0.9892093013158962
1022,0.828959139400436
1023,0.00019724290131268942
1024,0.002408415755143127
1025,0.9748676332182199
1026,0.9997199946701362
1027,0.9993441571628401
1028,0.999934156048054
1029,0.9996743913945464
1030,0.02283998561734436
1031,0.9992881630691193
1032,0.9984709257157015
1033,0.9998843841446612
1034,0.9999142865709191
1035,0.00048298663327884345
1036,9.578193381995041e-05
1037,6.785495618499359e-05
1038,0.009501998716685021
1039,0.0005117661532470937
1040,0.0024211048466953517
1041,0.9992655553315258
1042,3.8436237702606157e-05
1043,0.0018535909375794674
1044,0.9979686909702957
1045,0.0014464820558286059
1046,0.7027662046389803
1047,0.9966961477551182
1048,0.07418234388398831
1049,0.9991258556729214
1050,0.9846418855498063
1051,7.367256062508232e-05
1052,0.588921030019927
1053,0.03204786124142762
1054,0.003367403050839583
1055,0.8086087845126227
1056,0.9981911557602677
1057,0.9995028651282682
1058,0.16421274953924703
1059,0.9994583806250328
1060,0.0001447620066561846
1061,0.7702329581199813
1062,0.00016280678109511666
1063,0.004250535755876841
1064,0.668137446291726
1065,0.46937669291562284
1066,0.008856570912290626
1067,0.7327392610649831
1068,0.9953539854323322
1069,0.9909500610824454
1070,0.20531936402251713
1071,0.9999306270757475
1072,0.005088048415423584
1073,0.9321677943494138
1074,0.36183646229670124
1075,0.9817189967993327
1076,0.00014410610713790084
1077,0.9174267934926589
1078,0.0004782505709718394
1079,0.0167422640806204
1080,0.9998875531484198
1081,0.9963744557171059
1082,0.986000920764006
1083,0.0056019091278158
1084,0.28166736960957217
1085,0.9999343723632559
1086,0.9998385863538394
1087,0.000808651184593098
1088,0.9993228248455438
1089,0.996219736238023
1090,0.9999095468144354
1091,0.0006311032533030242
1092,7.931439003132353e-05
1093,0.9997564224185922
1094,0.9832300850619808
1095,0.00017129972526454745
1096,0.924768632239764
1097,0.00022978470259827673
1098,0.0021562200840194883
1099,1.731381468440012e-05
1100,0.9895585272691155
1101,0.9975649317663429
1102,0.1681147673671134
1103,0.9997448328892912
1104,0.0009715839661548976
1105,0.9932472955070613
1106,0.01377015913386253
1107,0.013282764466510635
1108,0.9998627662992139
1109,0.012825846729078723
1110,0.9765349623165115
1111,0.287376221193298
1112,0.023648892086292353
1113,0.9970831080429167
1114,0.0005556237821428729
1115,0.00038201092593104485
1116,0.07038956515861393
1117,0.9999221407529147
1118,0.011023679124490272
1119,0.26966016625084543
1120,0.9974187678970304
1121,0.9919043973954687
1122,0.9996540584118502
1123,0.924570838670274
1124,0.009982071746462227
1125,0.9998079956466824
1126,0.1618640646880442
1127,0.6216806431924784
1128,0.8502305285103255
1129,0.9839769174348706
1130,0.0018910279389334184
1131,7.542899817079087e-05
1132,0.891394308979629
1133,0.9903588367725067
1134,0.00016741815013760758
1135,0.7578623492085141
1136,0.9708093586927279
1137,0.5361049323639796
1138,0.2690307960807445
1139,0.5236968774601596
1140,0.7672245994171255
1141,0.4029019432091771
1142,9.425767624242518e-05
1143,0.9999421738676634
1144,0.000917618886948579
1145,0.00016643469748263531
1146,0.9986263079174963
1147,0.1653754659146235
1148,0.998825211148867
1149,5.6932080629650996e-05
1150,0.984140468966274
1151,0.9884507893484397
1152,0.9972236308404933
1153,0.002405442162991464
1154,0.9994923272293667
1155,0.8593178179667706
1156,0.9975347647300948
1157,0.00015924312158721484
1158,0.3243743448403388
1159,0.012528674126654822
1160,0.9998647279895739
1161,0.0028303762613338095
1162,0.0033358198772260985
1163,0.9989767383563949
1164,0.0001092819141105854
1165,0.0003242583776196321
1166,0.000263987238942157
1167,0.00042991351649446994
1168,0.9990872615518552
1169,0.06034330612220098
1170,0.999568222760862
1171,0.0004557974775584997
1172,0.9992416143211007
1173,0.01779626379103053
1174,0.2117309978245315
1175,0.6524838756493827
1176,0.39239383603641037
1177,0.0028416041938291834
1178,0.9362796116306121
1179,0.9998071746653151
1180,0.799148273871059
1181,0.0002052519505038847
1182,0.17336712573282215
1183,0.8591046712231742
1184,0.9893482735822158
1185,0.9870625519896139
1186,0.0031129069890322553
1187,0.07123330977284062
1188,0.999459925050717
1189,0.9997370291147138
1190,0.9997694065285004
1191,0.07400814168616666
1192,0.9478994013865929
1193,0.9804719719081582
1194,0.5157491833091674
1195,0.8654923351402107
1196,0.9996892742938339
1197,5.8948214307305624e-05
1198,0.9990902697615522
1199,0.11924958641337399
1200,0.0014125536589675082
1201,0.9998439124357198
1202,0.00041588063146382576
1203,0.016682228590290595
1204,9.784437751739851e-05
1205,0.9996811083521486
1206,0.9998008752962044
1207,0.0866544793707121
1208,0.9936998533406576
1209,0.0031864436104881593
1210,0.8090664264319779
1211,0.022465466648370257
1212,0.0011825067822462596
1213,0.9893049846252162
1214,4.250420278165408e-05
1215,0.0009671234327888808
1216,0.9957063000655144
1217,0.038766158129786454
1218,0.9968957089457708
1219,0.0023340117910494967
1220,0.3047927188016828
1221,0.6443963183762921
1222,0.9839854338233631
1223,0.9989739619390985
1224,0.9997048100485911
1225,0.06606240032435763
1226,1.8391788477962646e-05
1227,0.006412223210885535
1228,0.7470864907696158
1229,0.003425571233321382
1230,0.0852193905558241
1231,0.9999406300488115
1232,0.44072833310238513
1233,0.010491967104088161
1234,0.00037523219109554437
1235,0.9843894932529518
1236,8.290769774125323e-05
1237,0.019474515412864664
1238,0.9895270890505118
1239,0.9994846150733182
1240,0.9991616028344324
1241,0.019489459945146427
1242,0.9951240070407997
1243,0.9994581722700979
1244,0.00011350684676503627
1245,0.032281447713461545
1246,0.02767165008480823
1247,0.9748310909871859
1248,0.00011384748107642915
1249,0.9999196273358851
1250,0.9734129905639148
1251,0.9997682510628435
1252,0.9893124411831714
1253,0.9978470050500627
1254,5.105491078689482e-05
1255,0.1209953222412671
1256,0.278568069351437
1257,0.0006037861997020377
1258,0.004708615210161356
1259,0.0005492245041706722
1260,0.11425895097132227
1261,0.9999232856225835
1262,0.9870570120209078
1263,0.0007767178825497308
1264,0.9997886737742568
1265,0.001275799616883208
1266,0.9683520559515731
1267,0.001898532577062971
1268,0.7657724970883477
1269,0.008562542304829914
1270,0.6677589162899006
1271,0.9872028234194539
1272,0.994624475969928
1273,0.9222387693075988
1274,0.0007630534059424694
1275,0.00027954391637474154
1276,0.011350010243876761
1277,0.9957497161610762
1278,0.6042689486053245
1279,0.9947120787833025
1280,2.8404114721658498e-05
1281,0.007429327420960505
1282,0.9572613434339451
1283,0.9916109107287758
1284,0.0023780975836139298
1285,3.6970208149258694e-05
1286,0.5101081401770484
1287,0.9758666678003353
1288,0.9420268141213712
1289,0.018573542865292975
1290,0.9966642831876175
1291,3.2438794024633773e-05
1292,0.03903590912445087
1293,0.9999148210695842
1294,0.004768926215913985
1295,0.00010191946790665503
1296,0.9968537115079067
1297,0.9843645628143699
1298,0.9768042514870167
1299,0.03560250995390382
1300,0.78121543589127
1301,7.19035825303651e-05
1302,0.000424439645267175
1303,0.0093913673601798
1304,0.004360385603563301
1305,0.31905047978959716
1306,0.5431348434357858
1307,0.9998076760256042
1308,0.0016235897754340656
1309,0.979813389611374
1310,0.055674603956321844
1311,0.17935564009541047
1312,0.0011859397059493055
1313,0.9245207249343825
1314,0.9991947143127302
1315,0.999815821845293
1316,0.9993628696521819
1317,0.1203802185701969
1318,0.9994300405800788
1319,0.9997901326477686
1320,0.9827520660069571
1321,0.9352456034509081
1322,8.305844500999732e-05
1323,0.00036706554478299787
1324,0.23616614368633204
1325,0.012168122185095533
1326,0.2386512960254097
1327,0.9953012150010996
1328,0.003621789744212017
1329,0.9958750735091874
1330,0.006779452178397848
1331,0.01764293450163586
1332,0.990774255141821
1333,0.6473794618274075
1334,4.600776478270289e-05
1335,0.00019898066392680033
1336,0.0006816176238112034
1337,0.9984404911034178
1338,0.06286056158609889
1339,0.1904218686223158
1340,0.999579035577532
1341,0.9999363757084944
1342,0.9999255760113968
1343,0.9866485578940418
1344,0.9976270585612435
1345,0.9985329972415763
1346,0.6068230017948468
1347,0.9997332815811201
1348,0.000983209097268793
1349,0.027323722007572902
1350,0.9990445914999503
1351,0.024568498371201324
1352,0.9999057841258693
1353,0.00528770667202683
1354,0.00048619445692224935
1355,0.9701217013372033
1356,0.00024439962588082716
1357,0.9614340319575304
1358,0.9995341169374274
1359,0.9997546644387952
1360,0.057648991985812935
1361,0.002793811347477426
1362,0.8837627469079855
1363,0.99912742192979
1364,0.9997402867115758
1365,0.6920047044175972
1366,0.28912590208390654
1367,0.9990307902531154
1368,0.012188374297852638
1369,0.8646163002218792
1370,0.9930410485734663
1371,0.9996755296954563
1372,0.9998189075519555
1373,0.0006277708466585245
1374,0.9999090267914927
1375,0.9995334221057693
1376,9.83727715348077e-05
1377,0.9992820137965225
1378,0.003188836903465993
1379,0.9998229848205787
1380,0.9955833342958444
1381,0.9863717958614475
1382,0.9995272015522938
1383,0.9988743976048949
1384,0.0008911107101519704
1385,0.0037756747435410925
1386,0.001118079021721862
1387,0.9699323272234764
1388,0.9997802396848497
1389,0.9981596142870586
1390,2.2791287873029223e-05
1391,0.9977501097863741
1392,4.898103845052185e-05
1393,0.03249316596735551
1394,0.9871939032903617
1395,0.05821294910127466
1396,0.9997311869569863
1397,0.7794301828786675
1398,0.04813633588396158
1399,0.9983141731867751
1400,0.9963907027310817
1401,0.9964733542653454
1402,0.9968455900053449
1403,0.9990264446391321
1404,0.21630545761473563
1405,2.289771938914778e-05
1406,0.9977361498719585
1407,0.9955224243089309
1408,0.3971731578648013
1409,0.0006884066595629217
1410,0.9997482860076872
1411,0.9618654455858537
1412,0.0006022943925582531
1413,0.9888025608640695
1414,0.05822826892486126
1415,0.00011311600466205879
1416,0.0006283905370038679
1417,0.9999067221734272
1418,0.0027350065083473155
1419,0.00037480067101753174
1420,0.009355866574535639
1421,0.0009176612582503367
1422,3.802156373130714e-05
1423,0.59015172440726
1424,0.703808312024939
1425,0.974304828198712
1426,0.9833939797134578
1427,0.007948726677861078
1428,0.0014202151861700202
1429,0.9992971038440258
1430,0.011590789899397758
1431,0.9998940532870726
1432,0.9999743290432669
1433,0.0031914263487975393
1434,0.1283157142552334
1435,0.1735675817885317
1436,0.9996869329894548
1437,0.9945934002273609
1438,0.0002206731760003335
1439,0.05657076034176185
1440,0.004989859618700493
1441,0.9975266931794697
1442,0.997296667977948
1443,0.9997353310405144
1444,0.9985966628907674
1445,0.998353834198842
1446,0.7601580264422205
1447,0.0023629274455665575
1448,0.029104462819401315
1449,0.9768691104495144
1450,0.056776879308336636
1451,0.8365597794778866
1452,0.9984198744586541
1453,0.12598075114709736
1454,0.9920789175131718
1455,0.0012348200664774839
1456,0.00017176422690446882
1457,5.1995197311820155e-05
1458,0.9609170215796992
1459,0.0005885209459669773
1460,0.999164398043273
1461,0.00129422726530403
1462,0.005496918524274497
1463,0.2568297728707927
1464,0.04844219837039586
1465,0.7287686805839099
1466,0.6395655121561058
1467,0.21854474083340752
1468,0.9789829110398517
1469,0.9995658574810734
1470,0.9876865834566555
1471,0.9983124432847251
1472,0.9991750726642324
1473,0.00029700160759163675
1474,0.4440927091855474
1475,0.020809924915807406
1476,0.9209078670964448
1477,0.3045325579149044
1478,0.024198839177454672
1479,0.002625456706450125
1480,0.6600213651577432
1481,0.5621668680765547
1482,0.9955624398193743
1483,0.002332024505259154
1484,0.9955972086258416
1485,0.041590476424398753
1486,0.003432061563928987
1487,0.9996719778647717
1488,0.9945400254793764
1489,0.9997017424952589
1490,0.9001612026111868
1491,0.21084047209469833
1492,0.00021120178496472113
1493,5.243015385793093e-05
1494,0.04116466395454595
1495,0.0013171478326241186
1496,0.024177484376101253
1497,0.9618805536868796
1498,0.0014863088981817436
1499,0.04504834508961913
1500,0.00017679790546361744
1501,0.6368011963782663
1502,0.0011045095362172414
1503,0.1298850476265004
1504,0.00120669523156843
1505,0.9994667894745896
1506,0.0001605975087637107
1507,0.9701195594458456
1508,0.6490522475416919
1509,0.9990853279696681
1510,0.9484261562728168
1511,2.8344562993811288e-05
1512,0.08353704414595797
1513,0.9989619440623871
1514,0.9992167943447187
1515,0.001050536490131794
1516,7.430156697622231e-05
1517,0.9996779350147457
1518,0.006273458057222507
1519,0.8496910919388974
1520,0.998654307462278
1521,0.9953099760442273
1522,0.4229734236204776
1523,0.9822867534599373
1524,0.8149226556829215
1525,0.99947445689881
1526,0.9887485304212763
1527,0.981056486164462
1528,0.9959229895140803
1529,0.9166009738594137
1530,0.00014530255370752881
1531,0.010139589860507014
1532,0.00010544458747705953
1533,0.3514665412873659
1534,0.20760745831549493
1535,0.9993758241218023
1536,0.0008649445120470592
1537,0.5420461211909603
1538,0.9982725101416489
1539,0.022858722156015678
1540,0.0003162554780676746
1541,0.004272552459009656
1542,0.0043033817612476094
1543,0.0018572605860821966
1544,0.0020436419268674974
1545,0.9220167161120087
1546,0.9620081083574219
1547,0.033231701950408095
1548,0.00019987504473555748
1549,0.9992240207081163
1550,0.9987392023163144
1551,0.9995394588994698
1552,0.18309350576690694
1553,0.0029485303173114414
1554,8.76111641073781e-05
1555,0.8790623381473408
1556,0.9994413419057624
1557,0.9873880831004392
1558,0.0006232773714368188
1559,0.0018089204140251385
1560,0.0005500215840555789
1561,0.9856999416936857
1562,0.05157604871302691
1563,0.3914460304776813
1564,0.0002721858679513914
1565,0.7550800328204812
1566,0.9825630278968827
1567,0.0012199641241651057
1568,0.9153787593850279
1569,0.9997468001918183
1570,0.9998448688226905
1571,0.9759694660130557
1572,0.0012759326355409972
1573,0.9998479511075867
1574,0.004512033071505087
1575,0.0029118564980208906
1576,0.002680681060731913
1577,0.9987017694607917
1578,0.0010520042105391435
1579,0.1441972975045067
1580,0.002224972329401592
1581,0.9998659585349112
1582,0.20404846188102002
1583,0.7653111751440378
1584,0.8639259595180871
1585,0.0001879392268951547
1586,0.9849554297722024
1587,0.9999516108588525
1588,0.9998977724588881
1589,0.9990041807606347
1590,0.007535974028783526
1591,0.8519174538520221
1592,0.9953938466521826
1593,0.0009246875474951629
1594,0.034899623962886046
1595,0.020334225542197656
1596,0.9997794102378552
1597,0.015829177108978066
1598,0.11266771781978928
1599,0.999485344405295
1600,0.8919565765614035
1601,0.00019769120711806833
1602,0.9998981556067363
1603,0.09229138999339334
1604,0.9185539480415346
1605,0.9992206656139622
1606,0.05125625960964713
1607,0.0005980985207411841
1608,0.8967711339651002
1609,0.02324353673772252
1610,0.0004255717088140432
1611,0.9540101313861336
1612,0.073086836890133
1613,0.9994711888146465
1614,0.9885268566257741
1615,0.002479458605599912
1616,0.41914257003757194
1617,0.4018131617438119
1618,0.6528918923183009
1619,0.9998191334319941
1620,0.9999071391664501
1621,0.2959496163151247
1622,0.014700801613340645
1623,0.0034452108784383574
1624,0.001689997069338022
1625,0.0005934930294527459
1626,0.998822245328115
1627,0.970593221248167
1628,0.998940379512226
1629,0.9989113181623104
1630,0.8797203663908035
1631,0.000487183981885203
1632,0.0004110418593354385
1633,0.6578798782194686
1634,0.0718954202158835
1635,0.9813310831631161
1636,0.48739503199393597
1637,0.3591659596712123
1638,0.9918717129958816
1639,0.9998899599052996
1640,0.28848350715049104
1641,0.99814310336834
1642,0.0019728811243262586
1643,0.0019215002887101368
1644,0.9580144139938176
1645,0.5475201903001388
1646,0.0386438158543427
1647,4.2750977735795995e-05
1648,0.9980880405211958
1649,0.013408715183265965
1650,0.9995544031566637
1651,0.1880880807556013
1652,0.2964388248538804
1653,0.0003343502088187336
1654,0.9940612377712075
1655,0.6434224876155399
1656,0.9772629693327568
1657,0.00806868058946509
1658,0.00014920430090413402
1659,0.021581282691953804
1660,0.0812745330387124
1661,0.9993902553571732
1662,0.0002109840127957522
1663,0.9936953052631934
1664,0.0005409346222425718
1665,0.9953506490858477
1666,0.1718010158088012
1667,0.005987357297176615
1668,0.022417305310459684
1669,0.9996608628580819
1670,0.5711754462246881
1671,0.012582583969158578
1672,0.00046124519420884046
1673,0.9948044514067301
1674,0.009344849926547168
1675,0.00024149925498081093
1676,9.044989626541686e-05
1677,0.0027248317271307593
1678,0.0505506268722727
1679,0.6738982737347043
1680,0.9996865970015457
1681,0.5468960030378102
1682,0.10758158771263485
1683,0.00011934301884064442
1684,0.19713384686682736
1685,0.8571663659641365
1686,0.4523023325537323
1687,0.999852790412347
1688,0.00036633421621747747
1689,0.015115341272970652
1690,0.0007475973477531257
1691,0.0006940929346794635
1692,0.1424215348152349
1693,0.9362536663673323
1694,0.0005145993152082865
1695,0.9999199612866031
1696,0.014757636637566043
1697,0.9946546046974786
1698,0.00485703577574192
1699,0.0001113868429850417
1700,0.9971669285384472
1701,0.4280434284287926
1702,0.9976811634489587
1703,0.98386296003444
1704,0.9998787125247622
1705,0.9890572006912389
1706,0.0006463717826348033
1707,0.07909025747593738
1708,0.999664802963617
1709,0.0005654615936031626
1710,0.07250709210983054
1711,0.00029507917478734834
1712,0.9962062754195932
1713,0.9988498989113012
1714,0.0698985389420176
1715,0.9736550812193686
1716,0.01324676559950854
1717,0.22026090583538563
1718,0.7503391501494839
1719,0.9991929663460042
1720,0.3519107959527016
1721,0.9999176369929536
1722,0.9995810651719356
1723,0.24925668639829637
1724,0.30170889520764854
1725,0.001845401787493794
1726,0.0004548196518759775
1727,0.92823146293848
1728,0.34857783449896973
1729,8.451992305698826e-05
1730,0.08862016788040986
1731,0.9981942675112923
1732,0.8010825940938745
1733,4.255404861856267e-05
1734,0.9620295778642295
1735,0.6730998382550051
1736,0.9999546536262462
1737,0.06433567791129503
1738,0.9990282796549226
1739,0.13272168039589713
1740,0.9989862919495271
1741,0.999187169115045
1742,0.9973187946921948
1743,0.999659697193602
1744,4.086955881187746e-05
1745,0.7886826657154161
1746,0.006468291563839079
1747,4.680350858727744e-05
1748,0.0008644965333328033
1749,0.9987765471667837
1750,0.33622637871371247
1751,0.5004651935546851
1752,0.9998382899275015
1753,0.5707355221323402
1754,3.5937779396809094e-05
1755,0.000116564127936304
1756,0.1496736372759267
1757,0.9968360549285338
1758,0.9998252980522148
1759,4.0648336776663646e-05
1760,0.9998067488585848
1761,0.9999835430579962
1762,0.0009591656141988489
1763,0.004558216966954553
1764,0.04206409869646372
1765,0.9976629526118078
1766,0.0001129262809410913
1767,0.9988351631613583
1768,0.00016596445785179787
1769,0.05739028722359756
1770,0.01012412583527174
1771,0.9469107639233454
1772,0.00018432393230041516
1773,0.999537132995082
1774,0.9906963758747261
1775,0.9869593530773654
1776,0.996233277913883
1777,0.9712864941023661
1778,0.18811404628311792
1779,0.005533355926155219
1780,0.9998365835594699
1781,0.9993574841223674
1782,0.008419874326011684
1783,0.9999731965353406
1784,0.0015585269123493696
1785,9.983559465941346e-05
1786,0.9989206220590754
1787,0.009024440128852724
1788,0.00015393313098017699
1789,0.9977844595573804
1790,0.9620333981624095
1791,5.100925803939675e-05
1792,0.9986115642304675
1793,0.9084486406173612
1794,0.0010493574566852644
1795,0.0007521004281706763
1796,4.019289911874651e-05
1797,0.99940763982753
1798,2.435072331325472e-05
1799,0.9946920887409546
1800,0.9987324718326566
1801,0.9678549774054586
1802,0.05053296864547704
1803,0.9999459065460058
1804,0.9733160375490216
1805,0.0007180020377877119
1806,0.9994155721832179
1807,0.8843098991151876
1808,0.0010849773431521814
1809,2.5101729056763486e-05
1810,0.16247735892354856
1811,0.999759551957672
1812,0.5684584297017377
1813,0.4922726825752537
1814,0.999428411051533
1815,0.9984459841956227
1816,0.07528977835007987
1817,0.9978847290089333
1818,0.9693584981506839
1819,0.9995329645889377
1820,0.0004228177455000584
1821,0.08159542410553941
1822,0.007638132017244873
1823,0.9926765590393443
1824,0.019931798038312583
1825,0.9989173769436468
1826,0.9993197776219689
1827,0.9984045101565326
1828,0.8006829869630687
1829,0.0010191443025934284
1830,0.9987268423084237
1831,0.999519308051997
1832,0.9960243189498048
1833,0.9997656829037381
1834,0.004142233487958038
1835,0.9995867361671641
1836,0.9999024633239911
1837,0.015238426298183283
1838,0.005836651888434476
1839,0.20734856274820365
1840,0.9989612310526143
1841,0.996324325705116
1842,0.9880580979511655
1843,0.9833977545176569
1844,0.007118236573743255
1845,0.0038283306698375904
1846,0.9997766683593864
1847,0.15269179472126854
1848,0.007068480439887238
1849,0.7925380189207579
1850,0.6513368278087243
1851,0.0021752542681402805
1852,0.0023995381350348398
1853,0.9998959861210783
1854,0.000995660455652517
1855,0.9983848204556799
1856,0.0009131465886985603
1857,0.9997457498775676
1858,0.9864525610155565
1859,0.8494563235445095
1860,0.9997979859851522
1861,0.015026367843944555
1862,0.5803856334184609
1863,0.649165683522808
1864,0.3782974498470999
1865,0.0004337195847517203
1866,0.0025570199484948168
1867,0.008063426651140558
1868,0.0017041429689545924
1869,0.9891141645877545
1870,0.05019454242861966
1871,0.9997827123637957
1872,0.1526159701372833
1873,0.021912863325644034
1874,0.993290512423434
1875,0.9906829961688949
1876,0.033431280094983064
1877,0.9962416592835561
1878,0.9996413788852387
1879,0.5840553224220012
1880,0.0016329509383609163
1881,0.14396637105393462
1882,0.999155139954925
1883,0.9241312478919593
1884,0.00022416534934394642
1885,0.8938342122709464
1886,0.6838120131645232
1887,0.9999599818574736
1888,0.9799688367256565
1889,0.9998483688820538
1890,0.013495017673617202
1891,0.011998935435289997
1892,0.005561789675758803
1893,0.9488852986077455
1894,0.042726312264358475
1895,0.9998880283222862
1896,0.0013574825313263804
1897,0.9943889309201602
1898,0.9989057790964427
1899,0.99982597722873
1900,0.9901637477340199
1901,0.9696749362248864
1902,0.07059333282715362
1903,0.00011404045151936726
1904,0.999617561618492
1905,0.9957395912686153
1906,0.5348424350826421
1907,0.026688466116945853
1908,0.8988689042497097
1909,0.9856399883468742
1910,0.0014192711768167994
1911,0.09632635638271428
1912,0.06716921032424006
1913,0.3638209386454835
1914,0.9919215212574667
1915,0.00047162434764301536
1916,0.03008560981730402
1917,0.9321145438685254
1918,0.99942413060563
1919,0.9951848431724425
1920,0.020363216416774625
1921,0.00023055350151076045
1922,0.0024376005182878764
1923,0.9997005629834615
1924,0.7992362439333012
1925,0.0011333103764329035
1926,5.5092920980407226e-05
1927,0.9997020986328976
1928,0.0065541680719222685
1929,0.9969155471217785
1930,0.9796981943340963
1931,0.055039568924353764
1932,0.9221670037605696
1933,0.9984800860187965
1934,0.9998529295519577
1935,0.9768226691371058
1936,4.5279212388865106e-05
1937,0.998443909086999
1938,0.0006470647901918733
1939,0.006514858851454073
1940,0.04151983646836096
1941,0.017384912520995704
1942,0.954701856516318
1943,0.9998880340386961
1944,0.9957041565400917
1945,0.9996464440913402
1946,0.994410853088206
1947,0.03318845998487112
1948,0.005108199419332755
1949,0.0008704931846468495
1950,0.999742239184062
1951,0.9997665918528652
1952,0.9997507146131843
1953,0.9703667111501243
1954,0.011634904568792816
1955,0.9855390822847087
1956,0.9849097096902445
1957,0.00017987876809665238
1958,0.9685413401924942
1959,0.7907236259502763
1960,0.9989081316721928
1961,0.6530790093431078
1962,0.011632848096377253
1963,0.00032969797645615183
1964,0.9997938356134142
1965,0.0007062912843538079
1966,0.99944763989288
1967,0.216898166336156
1968,0.9436097415305239
1969,0.9998681994735289
1970,0.7283541278878547
1971,0.26757576066424815
1972,0.035404066618147816
1973,0.5389854106271963
1974,0.00013430868838574877
1975,0.03423597212751326
1976,0.9470589757716136
1977,0.9998574232332026
1978,0.005920765489954554
1979,0.0004879869170094609
1980,0.08281155412868976
1981,0.999572988135103
1982,0.000187659208226707
1983,0.7701755202888575
1984,0.9995600198913345
1985,0.9995217420547994
1986,0.01408291981191202
1987,0.9992723257114186
1988,0.9961608667858761
1989,0.0024180757670305268
1990,0.89790047760651
1991,0.8348105291916299
1992,0.999928133944796
1993,0.4313600198723629
1994,0.047906557639433765
1995,0.863845217944489
1996,0.0004193282186670102
1997,0.00017058574911218025
1998,0.9994132710777948
1999,0.03085360098512986
2000,0.00536988779433131
2001,0.9998646739806201
2002,0.006940774636665764
2003,0.1311650879905401
2004,0.9298663826848934
2005,0.6483041812766639
2006,0.0002658392769511887
2007,0.9984959060332385
2008,0.765775659481232
2009,0.029158875040562266
2010,0.9997909504271589
2011,0.9549761409871005
2012,0.997773890043866
2013,0.0005928430574785615
2014,0.1373288887064953
2015,0.0012603130012718122
2016,0.0005825783686961916
2017,0.9999152424120754
2018,0.0005929585087050051
2019,0.44015764658958834
2020,0.9986635492157936
2021,7.819033395639659e-05
2022,4.349411586282099e-05
2023,0.5341757981748267
2024,0.0003632434003417198
2025,9.311790425328073e-05
2026,0.8098398115209358
2027,0.9925579389887264
2028,0.9998320948251493
2029,0.9998713855301422
2030,0.3652372928713158
2031,0.9957035317926646
2032,0.0009791702117131474
2033,0.03269667537853302
2034,0.0003322086482592732
2035,0.9587096582064331
2036,0.9998646426835596
2037,0.009749911024821162
2038,0.17173322402468424
2039,0.0012134525037902925
2040,0.4132190983704404
2041,0.9880091608566405
2042,0.0011069568613442467
2043,0.00018682105557607246
2044,0.998913706157841
2045,0.7311612353081854
2046,4.262064654752513e-05
2047,0.9538718048417305
2048,0.998485809822259
2049,0.00964462189986865
2050,0.9246929401808511
2051,0.9403770805956589
2052,0.9951916344337081
2053,0.8351341860145822
2054,0.00039051091901128526
2055,0.08296707971839574
2056,5.830374890020435e-05
2057,0.9878635575945793
2058,0.9979975389337485
2059,0.031160478413331544
2060,0.0408702699279401
2061,0.01233349038586647
2062,0.00020905949229249455
2063,5.876127791328154e-05
2064,0.00016888074482242563
2065,0.0018429378256618438
2066,0.0011612266382373996
2067,0.01360934900744064
2068,0.9998649768228243
2069,0.9997830232601663
2070,0.00020872863394812765
2071,0.004207325788452759
2072,0.008309767017438649
2073,0.9985377568937718
2074,0.0008569885506317138
2075,0.003092237985676385
2076,0.9986069596640874
2077,0.9998049695354301
2078,6.967396166283286e-05
2079,0.9951165521129973
2080,0.00026176031183750443
2081,0.12821077879474432
2082,0.999177138029793
2083,0.9919860206933536
2084,0.0006016977765240407
2085,0.9870423248698086
2086,0.0010851737205291605
2087,0.9997503762987356
2088,0.0012754554808596457
2089,0.3697416876198083
2090,0.0011928436313651117
2091,0.9997147717865842
2092,0.3287645034939863
2093,0.9926797223698789
2094,0.9891776960773648
2095,0.9623718298375821
2096,0.0003484995263352196
2097,0.9987862824042316
2098,0.8580849402751444
2099,0.9984185473074245
2100,0.998390409844021
2101,0.001235498214725507
2102,0.9994562119144154
2103,0.9997875218665854
2104,0.005019904786599842
2105,0.9359963266616933
2106,0.451606556498963
2107,0.4824160471172137
2108,0.9981796350379566
2109,0.002463565766818272
2110,0.9930819041393406
2111,0.999803630581573
2112,0.9995190028607763
2113,0.00048009115668772175
2114,0.36010459925528
2115,0.9995386606837756
2116,0.11202190108308231
2117,0.017437707893189748
2118,8.543348945902406e-05
2119,0.9998213014607602
2120,0.6437374515715822
2121,0.999686284207794
2122,0.9634937681837326
2123,0.9977815999484285
2124,0.00017679981467389746
2125,0.44482282259699024
2126,0.9941128403828451
2127,0.006775081711367066
2128,0.9736406925349503
2129,0.0002129091394686003
2130,0.04265350978920061
2131,0.04620356035417758
2132,0.9993991589689203
2133,0.06281288009730755
2134,0.9755641725169244
2135,0.849101891772855
2136,0.19917442897316054
2137,0.020271213489679103
2138,0.0029027872455134945
2139,0.0010541723410824953
2140,0.9971567368121852
2141,0.9998807434718283
2142,0.9998030749499018
2143,0.9960836779089539
2144,0.03428857218749307
2145,0.9980193798159646
2146,0.00013775114676568264
2147,0.9486896590424249
2148,0.00033536093222787675
2149,0.013745092772202589
2150,0.0011783466640734037
2151,0.3938210653452542
2152,0.6635473929444745
2153,0.00019983345087174465
2154,0.0011636690497781388
2155,0.0035859628544740686
2156,0.16828836748386214
2157,0.5698460696970654
2158,0.00013276433334650188
2159,0.0004134460501222979
2160,0.9992941921257442
2161,0.9993227322624528
2162,0.9988807804094214
2163,0.0018560747505238907
2164,0.11179103555544362
2165,0.978580134807067
2166,0.9977134139948105
2167,0.8863442445539743
2168,0.15138921965477045
2169,0.978878322064381
2170,0.9998593160345797
2171,0.00014674235887615888
2172,0.007367104624960773
2173,0.9991638153327457
2174,0.5292112446983167
2175,0.8174540305710696
2176,0.0005867742121421525
2177,0.04712473974242538
2178,0.5459863339436016
2179,0.9748001769508327
2180,0.9986498229276766
2181,0.047415234793235846
2182,0.9594447338282419
2183,0.9516123189091005
2184,2.5787145405524554e-05
2185,0.9483272150389671
2186,0.9999732201974549
2187,0.018396535882101227
2188,0.12308686999952435
2189,0.9984861619441188
2190,2.155450800071983e-05
2191,0.5987891883496504
2192,0.9506726170979902
2193,0.0007625152504054756
2194,0.001819247762848743
2195,0.07347363644911654
2196,0.5282832623637368
2197,0.9886670602361592
2198,0.999311365084289
2199,4.7027512563443006e-05
2200,0.9526349151911296
2201,0.9995735345954886
2202,0.088089505155055
2203,0.0015794022554758938
2204,0.9905001229243511
2205,0.26756718793921297
2206,0.995829515526479
2207,0.9999242769275719
2208,0.00087810256198755
2209,0.9888247142732449
2210,0.007626881546337106
2211,0.00029844460813717655
2212,0.6603821700039405
2213,0.9845427586709714
2214,0.9399924594308534
2215,0.9983292982889765
2216,0.9056835784980668
2217,0.43800655211878387
2218,0.012037714717962101
2219,0.9694639175104912
2220,0.0015438045318542301
2221,0.9998205227666853
2222,0.9999657748854713
2223,0.999893298583767
2224,0.00030949512317701743
2225,0.9915760280020013
2226,0.9999540103422538
2227,0.9790017238874509
2228,0.9168688553421591
2229,0.9992461465923598
2230,0.012747584330166588
2231,7.987491955870005e-05
2232,0.0004232827731034799
2233,0.9996316036651658
2234,0.0007688545153995758
2235,0.16784991797702972
2236,0.21519467112112659
2237,0.030838672382984832
2238,0.11269478802683403
2239,0.9963657565148386
2240,0.23972271122971286
2241,0.005111668881720806
2242,0.9671067394582948
2243,0.5341257106040687
2244,0.003161945785932454
2245,5.0799802512582666e-05
2246,0.39332462970881493
2247,0.9023016583577437
2248,0.9998165990635638
2249,3.3400553451995054e-05
2250,0.9998267741341719
2251,0.9999642576441368
2252,0.971983246333207
2253,0.9997421014920272
2254,0.00022837155467826366
2255,0.00014323723894721496
2256,0.9990129682351337
2257,0.997573703751472
2258,0.992224082580794
2259,0.11000592589769694
2260,0.025023786597950726
2261,0.38326637304410716
2262,0.0011494961041271993
2263,0.0012901815359626133
2264,0.9851590242699325
2265,8.445985856799655e-05
2266,8.475305159843887e-05
2267,0.9997733878307713
2268,0.9994993512883737
2269,0.9998033839295707
2270,0.9862570652934524
2271,0.00011531060113713633
2272,0.9927539594970349
2273,0.9997197143573484
2274,0.8840177649263179
2275,0.18456503160746676
2276,0.596297275700639
2277,0.9996844894769573
2278,0.0403798772189729
2279,0.002789977067076212
2280,0.0002802198323189059
2281,0.9955005955052281
2282,0.01654635065675586
2283,0.9994147267781888
2284,0.9562170603813143
2285,0.8592865685903671
2286,0.0168845659142394
2287,0.9999199747327333
2288,0.0006842992555385776
2289,0.0003994295501679261
2290,0.9998787391546821
2291,7.936380697584648e-05
2292,0.9972885216087019
2293,0.999009847303033
2294,0.0016858337396742906
2295,0.9955772860373133
2296,0.9998557454199576
2297,0.9945855466295042
2298,0.9994796346434033
2299,0.9996868371866043
2300,0.01644133790763236
2301,0.000647943939579339
2302,0.0019630754615316266
2303,0.9976385895969201
2304,0.9837440719493654
2305,0.09952375496703798
2306,0.9536653614197197
2307,0.9999783762836315
2308,0.9999325057421683
2309,0.9986580034449387
2310,0.7763434220037825
2311,0.003469229724043266
2312,0.7858609305969145
2313,0.9988090301296648
2314,0.13355108966007778
2315,0.0004190679936720844
2316,0.04716914458756501
2317,0.9495443856460325
2318,0.0007580293827853897
2319,0.0012845667129776756
2320,0.9950770950516341
2321,0.9998873939731255
2322,0.9998178001375472
2323,0.2122590025276857
2324,0.777599433293293
2325,0.7580440131189975
2326,0.9997396269874761
2327,0.9892935214648774
2328,0.00013869779254277676
2329,0.00025019130100777446
2330,0.0027282794375424473
2331,0.9993045100215918
2332,0.9952325017625205
2333,0.00016664133252202102
2334,0.9781102302170109
2335,0.9988566415757189
2336,0.9839876683327556
2337,0.9689544232974451
2338,0.9998354739665524
2339,0.00014751031207774941
2340,0.9999443967234714
2341,0.6110791489237531
2342,0.013813238235642832
2343,0.6088259234539978
2344,0.001663119282130831
2345,0.6926395057579391
2346,0.9303609727373353
2347,0.9990737471074465
2348,0.9990333329184792
2349,0.015168792918853905
2350,0.9993167976545239
2351,0.0007770234808701913
2352,0.9992563850003947
2353,0.9227421179295884
2354,0.9345333503980756
2355,0.0010849724831578523
2356,0.06006349320644482
2357,0.8746115383780261
2358,0.0016568431356777955
2359,0.998470410162689
2360,0.9999116048574048
2361,0.9967328174834603
2362,0.3241553129130698
2363,0.9976353771423602
2364,0.9999206893787953
2365,0.9852084067287378
2366,0.0040909478189354925
2367,0.4238901166050351
2368,0.00016865359206426431
2369,0.9996468189031938
2370,0.00569054913464852
2371,0.996214966803166
2372,0.9999437767398413
2373,0.010088347996252637
2374,0.22548177363800315
2375,0.26205591808044165
2376,0.9982994601865391
2377,0.9924440664406396
2378,0.0003652377408474212
2379,0.008536807391711972
2380,0.0006189147526617483
2381,0.9985140241671737
2382,0.8909490710143602
2383,0.14350361261091918
2384,0.9965769608168988
2385,0.0023312888548093756
2386,0.000414570681287684
2387,0.9976133633958492
2388,0.9937540190417884
2389,0.2524265832201433
2390,0.663226316654245
2391,0.40471251207643183
2392,4.32867749637817e-05
2393,0.89907588544476
2394,0.0007832559982800199
2395,0.35960632564617134
2396,0.49189315058608735
2397,0.9966129576657246
2398,0.9998562688722873
2399,0.9948459715990006
2400,0.9978585806669593
2401,0.961886919720673
2402,0.0027199685306180514
2403,0.005525097400000089
2404,0.3746175321047757
2405,0.0007164604409384312
2406,0.999622426319711
2407,0.0006350091799864744
2408,0.0009146408011708732
2409,0.7720640694356845
2410,3.774187903459282e-05
2411,0.8606192971116664
2412,0.9998250652482613
2413,0.9999508267742347
2414,0.8385461625278096
2415,0.9921405765373413
2416,0.10490506497445073
2417,0.9990937072209871
2418,7.357046960545933e-05
2419,0.23767270285907513
2420,0.17976205591662817
2421,0.009984334416116165
2422,0.9920554780376396
2423,0.07985048439125897
2424,0.0003770614001323617
2425,0.0008903833140700703
2426,0.004703121277688942
2427,0.3727280106345788
2428,0.00013060403975672651
2429,0.01783763703976338
2430,0.4371173071362793
2431,0.0006924811127394973
2432,0.0007836638844521336
2433,0.9993322526736907
2434,0.28082109845736863
2435,0.9575965484392751
2436,0.00812017310167193
2437,0.99991656260874
2438,0.0002171101802665323
2439,0.17541870120563519
2440,0.9589286421505194
2441,0.0009083407546281798
2442,0.9985457109220893
2443,0.9845298365199507
2444,0.9530280675096529
2445,0.9986592019499907
2446,0.00029987581072383134
2447,0.00012505136525289904
2448,0.9961116534905899
2449,0.021678886001967126
2450,0.9959041640421069
2451,0.38768781933381385
2452,0.0038407224161331834
2453,0.9998630191347084
2454,0.06674010085003733
2455,0.9989440164091729
2456,0.029723366911119157
2457,0.9990341001398364
2458,0.26942891554212683
2459,0.9536832224634393
2460,0.9989914351842236
2461,0.001426151111043537
2462,0.7137552545435785
2463,0.06352310989345837
2464,0.7269617094437728
2465,0.99844966111038
2466,0.015228006265373557
2467,0.9862539931626243
2468,0.00955630837319206
2469,0.00015239075718373192
2470,0.00012544969627218736
2471,0.009392360547960766
2472,0.9979300885865139
2473,0.9980679215194643
2474,0.9997078921933049
2475,0.011683692384520737
2476,0.998787655019627
2477,0.0003008934962139382
2478,0.0005217354785219532
2479,0.9746647864918419
2480,0.999375608607808
2481,0.028593975578640525
2482,0.9985721707011166
2483,0.9956243853009508
2484,0.9970123799400457
2485,0.9999698895513639
2486,0.0032364465261833938
2487,0.019134497631101515
2488,0.00018484650904650957
2489,0.8707559280655045
2490,0.9999032609509655
2491,0.220350778595351
2492,0.9883401643288275
2493,9.684484381325822e-05
2494,0.46827930897210474
2495,0.019330740642417632
2496,0.9442777885728239
2497,2.237934935897028e-05
2498,0.20817539196093698
2499,0.9854237479643558
2500,0.4116490106397922
2501,0.9994861287526572
2502,0.999907046746606
2503,0.9562628226273638
2504,0.0015835527625064282
2505,0.0006963675862656343
2506,5.905293962820528e-05
2507,0.9995735953142918
2508,0.4493290018079642
2509,0.020755139438602372
2510,0.0002631782464488001
2511,0.9999205924202542
2512,0.04915223966626487
2513,0.9992246390028818
2514,0.9993591630098158
2515,0.9997678458086747
2516,7.29172446837382e-05
2517,0.01706132113832352
2518,6.91979502648895e-05
2519,0.0036201655252997875
2520,0.9961922797912742
2521,0.13588544921469597
2522,0.9994729596153664
2523,0.9784658260558954
2524,0.008515628895314835
2525,0.9992171492713793
2526,0.9997629408473425
2527,0.999948795828769
2528,6.885846344241698e-05
2529,0.9671535011238954
2530,0.045197943159318854
2531,0.003098789861543385
2532,0.9970923574349253
2533,0.0001150133735371059
2534,0.999620588998138
2535,0.42648702342995487
2536,0.9946220310672361
2537,0.9435048186655904
2538,0.9850962194624201
2539,0.9976978926913329
2540,0.9424892391994822
2541,0.10294267810676891
2542,0.999596989985827
2543,0.9997456455762102
2544,0.9844775429358011
2545,0.0023231508796396176
2546,0.9999677098561695
2547,3.160318243654055e-05
2548,0.0035831281862933437
2549,0.9852348028182573
2550,0.3305841338746899
2551,0.9966025427750093
2552,0.9995039125135479
2553,0.8272645684768808
2554,0.9998128018542919
2555,7.772321600899891e-05
2556,0.9468924176056057
2557,6.969741856255423e-05
2558,0.0014329041629572818
2559,0.02539926922163577
2560,0.0003079218652435104
2561,0.9985968344620929
2562,0.9208454150855837
2563,0.0008346126278640398
2564,0.9985977665766813
2565,0.9552873758345292
2566,0.9557757238414618
2567,0.8615790722158571
2568,0.9999299622923515
2569,0.9999638342327127
2570,0.999582591151735
2571,0.9627662068291946
2572,0.002936419206152702
2573,0.16534423274133386
2574,0.0008335373769966474
2575,0.3701379256729352
2576,0.9998700092966168
2577,4.655039527302783e-05
2578,0.0006762126109436087
2579,0.9996949517186571
2580,0.9962072247629202
2581,0.9991078559116716
2582,0.999756494111596
2583,0.08757300328645143
2584,0.0003774363905546099
2585,0.989277179776969
2586,0.0035849246512173116
2587,8.046695451581926e-05
2588,0.00015444357170365215
2589,0.09231139442556205
2590,0.9994912847121404
2591,0.0007571976939346243
2592,0.9988885166084824
2593,0.002628614832965078
2594,0.04307391964245835
2595,0.29096983470940263
2596,0.049861751614105894
2597,0.08590606234288171
2598,0.9869833569236225
2599,0.9999606594296927
2600,0.45239303694797073
2601,0.9993301257772663
2602,0.9982824452224305
2603,0.019615608767280277
2604,0.951698601431774
2605,0.9927952029990841
2606,0.5176872511745287
2607,0.0033380511176629353
2608,0.08952463364145202
2609,0.035085341739191575
2610,0.9895108776284212
2611,0.01947916700910909
2612,0.0006649052172094724
2613,0.9913338101369402
2614,0.00892124128952037
2615,0.9998715366872515
2616,0.9747716292407979
2617,0.9998904790211155
2618,0.041101921852761486
2619,0.005302584972763214
2620,0.0016613985315028135
2621,6.708805086792073e-05
2622,0.10143230374897023
2623,0.0001536716149661758
2624,0.06620412893382031
2625,0.9929314236925388
2626,0.9801328895858606
2627,0.9994354597485298
2628,0.0005538008712888881
2629,0.9984305054948556
2630,0.9997655146914224
2631,0.9336283953065464
2632,6.377212641297689e-05
2633,0.9985061812265222
2634,0.0012587963510995337
2635,0.004662460804041489
2636,0.0006576375594845969
2637,0.0056750145871489795
2638,0.9922769477107749
2639,0.9904568087395017
2640,0.004519665451118273
2641,0.990267914301821
2642,0.9936820274096342
2643,0.7283791902553907
2644,0.012861293708687415
2645,0.9995860246929339
2646,0.0019149514869256725
2647,0.9272245467665198
2648,0.0034755065980222604
2649,0.9998509420818562
2650,0.00013020193932392982
2651,0.9987841460096055
2652,0.9990379006086028
2653,0.999757651690715
2654,0.9997072976982604
2655,0.028164694366900424
2656,9.94476523730069e-05
2657,0.137628583479911
2658,0.0005494689591732278
2659,0.9998145066191502
2660,0.9959954624482331
2661,0.9966336346521588
2662,0.24860961309535826
2663,5.084583481431131e-05
2664,1.8297916906709664e-05
2665,0.31977329677510385
2666,0.0012382877651108458
2667,0.3408038858386168
2668,0.9997103445588995
2669,0.9478144111698827
2670,0.9470409623521707
2671,0.03473981300936735
2672,0.009363593125493565
2673,0.9998321414719874
2674,0.003862328611307623
2675,0.5175633632706721
2676,0.9710596067930688
2677,0.0008351866724205606
2678,0.9869284467359982
2679,0.06130489307926027
2680,0.99991818114298
2681,0.2953942190963118
2682,0.7524100431610042
2683,0.9999556535272239
2684,0.10590103144269153
2685,0.0009815064920993685
2686,0.9990640076696667
2687,0.965124671959983
2688,0.9258913316814574
2689,0.0030651990770928987
2690,0.004187331890493257
2691,0.9854273550512528
2692,0.9950049333108123
2693,0.9943969946226424
2694,0.0016506670635200755
2695,0.9989018410771728
2696,0.16273689244884373
2697,0.39840519799935725
2698,0.00017570960108194753
2699,0.8174427567662845
2700,0.9997390885753024
2701,0.9959590788073351
2702,0.007765169401755723
2703,0.00284535712434779
2704,0.0004997916722555343
2705,0.002170619319166102
2706,0.2311329014462004
2707,0.00037730962867366916
2708,0.9972651896494527
2709,0.9998230309589582
2710,0.4183118526332323
2711,0.9973964694435301
2712,0.9981023809655745
2713,0.1386133763426186
2714,0.0002686993122879916
2715,0.005776769325494652
2716,0.0006937668282590294
2717,0.9999565595271278
2718,0.06562182665882618
2719,0.9992903359952736
2720,0.9992756514188154
2721,0.9973427515755011
2722,0.0009712382233882283
2723,0.9996154099135915
2724,0.0030427476373913443
2725,0.8072559183931091
2726,0.00015484950383816892
2727,0.9983760542346028
2728,0.014112303815429054
2729,0.001343890653989165
2730,0.9930458641521421
2731,0.9348104288304159
2732,0.9953081638496941
2733,0.9905301534699623
2734,0.9994720709169772
2735,0.0017143027414840768
2736,0.0009273343161319789
2737,0.9447847043707925
2738,0.9998012208472091
2739,0.0023460001119947984
2740,0.0021773633378351356
2741,0.999757534812106
2742,0.911386065899057
2743,0.5092285520441887
2744,0.6680157911202755
2745,0.4774508659706619
2746,0.031744813895196275
2747,0.0007095963295056101
2748,0.023874917936862198
2749,0.9385536387989316
2750,0.9810226696088786
2751,0.05067003564291273
2752,0.01109935577625152
2753,0.47936773468212934
2754,0.9033863425242593
2755,0.0009664388502252639
2756,0.9994362364054837
2757,0.00221435696960751
2758,0.00035029556399541524
2759,0.9997777544357195
2760,0.8699419053863842
2761,0.9812044980807533
2762,0.9950903846182584
2763,0.9995474604206005
2764,0.013451310992250326
2765,0.0022649737877052014
2766,0.0013498894930696473
2767,9.144211095686916e-05
2768,0.01142062549269872
2769,0.9991801195002409
2770,0.9946662472573478
2771,0.9796031650059749
2772,0.4452986505141195
2773,4.3073542150875184e-05
2774,0.8035559290141806
2775,0.9977210645654007
2776,3.4503794564975045e-05
2777,0.9583805031861756
2778,0.9048111065091712
2779,0.005466265520335014
2780,0.9937377105546302
2781,0.01282218665861843
2782,0.8973792969597767
2783,7.749909454425423e-05
2784,0.007908746601314904
2785,0.9395451831051703
2786,0.005283444436295922
2787,0.004121303596160292
2788,0.2633469021231127
2789,0.0006190967810228201
2790,0.00010996118501417404
2791,0.48112244491331435
2792,0.9913249609882129
2793,0.11445565872782319
2794,0.0009667548442351385
2795,0.8851363405178814
2796,0.9380361607880908
2797,0.9996797727682885
2798,0.9995139655374747
2799,0.005088180211365072
2800,0.506548531824542
2801,0.3672321621381945
2802,0.008667210615647642
2803,0.01016839743661569
2804,0.9644096397839891
2805,0.9998987993873898
2806,0.00019202706885636193
2807,0.966694226186632
2808,0.9925241884986344
2809,0.17542260107093915
2810,0.9957988642331571
2811,0.0013546930553677027
2812,0.6588210781788143
2813,0.008122395000775004
2814,0.8555003286502144
2815,0.9995644242594259
2816,0.39193198495650144
2817,0.9066803747458347
2818,0.6753121334126279
2819,0.9498582419544753
2820,0.015042351484542527
2821,0.0009905545319676956
2822,0.9993576805311701
2823,0.14674141974686108
2824,0.9987808888092201
2825,0.9159471913359643
2826,4.210722707319651e-05
2827,0.14664780912416775
2828,0.9924262393682427
2829,7.003742346453231e-05
2830,0.99962004712527
2831,0.0015120674486528848
2832,0.008943936289005572
2833,0.8646896118780434
2834,0.00026355325884160134
2835,0.3592934047180092
2836,0.9995121709572603
2837,0.0761379851689133
2838,0.9551083615876207
2839,7.485037856308611e-05
2840,0.005670519220169559
2841,0.9977653894064533
2842,0.004038396102798003
2843,0.00012311507375772178
2844,0.9997706528678068
2845,0.5556657421608591
2846,0.9948223397105755
2847,0.00035804690498591525
2848,0.07849361756972661
2849,0.018219347191642563
2850,0.3929108100091304
2851,0.00037992309443646196
2852,0.02769390599432676
2853,0.9994707380234521
2854,0.9973237521682793
2855,0.3934770828240139
2856,7.341213249699433e-05
2857,0.00039145966671416373
2858,0.15989887221363527
2859,0.8370387745891527
2860,0.4605426443565374
2861,0.848822267005756
2862,0.9997435477551079
2863,0.0003498333659483887
2864,0.9979326734789711
2865,0.9998031975963835
2866,0.7263634508183189
2867,0.9998323336673277
2868,0.018493699123490845
2869,0.9980048462986534
2870,0.9998261523859099
2871,0.9997889856882121
2872,0.0006297033547670552
2873,0.9998686635204317
2874,0.0007438363413279252
2875,0.957572516611803
2876,0.9995328077118043
2877,0.9755319829915816
2878,0.00280290401451884
2879,0.15434391524712085
2880,0.7516915493066904
2881,0.0013846215723911292
2882,0.0003031251493774634
2883,0.9470969391131934
2884,0.0004056561120143133
2885,0.01930894768484102
2886,0.9918074345723349
2887,0.9993399400144344
2888,0.00911322953683798
2889,0.9999003281914051
2890,0.9896191833587398
2891,0.6745215938516272
2892,0.9999236228726869
2893,9.582793754419976e-05
2894,0.9999043363919762
2895,0.11931040987688674
2896,0.971105581611726
2897,0.999944341012406
2898,0.00033515214894768
2899,0.9997468651644245
2900,0.9264993784991038
2901,0.9458618529584042
2902,0.9800594356141592
2903,0.00021769260761319887
2904,0.9787634785064966
2905,0.027588841553441785
2906,0.09072129301272368
2907,0.9995066656451895
2908,0.04068696559046198
2909,3.3626756953325005e-05
2910,0.9898390791969723
2911,0.0028234132934130333
2912,0.0027184530238326034
2913,0.013131186516761886
2914,0.983489881672878
2915,0.004349304630854814
2916,0.39703273703473263
2917,0.9976841362714683
2918,0.9998096889040289
2919,0.9998988215496413
2920,0.9999625622093861
2921,0.999979037859309
2922,0.9998124541777811
2923,0.00015679140088596132
2924,0.9995400598753479
2925,0.9802820746889784
2926,0.9996469823144374
2927,0.023539797298666718
2928,0.9958934253687133
2929,0.9995790326377352
2930,0.9983017757883542
2931,0.999748718247083
2932,0.9994800274438531
2933,0.9987376720790545
2934,0.8196383118688642
2935,0.24763135632413188
2936,0.00028233921490617445
2937,0.9999395818050231
2938,0.01526596843139949
2939,0.995726060144917
2940,0.9965215637937668
2941,0.9995959157629667
2942,0.3021495214437693
2943,0.7501345036311392
2944,0.00013396152717101887
2945,0.00687293520345944
2946,0.876753475600454
2947,0.997168417234954
2948,0.9999189134465061
2949,0.006290083278724224
2950,0.999863211997605
2951,0.9992117829742322
2952,0.0006878194690500233
2953,0.9964234865239633
2954,0.7529298589446078
2955,0.9985399938363166
2956,0.5363034833201697
2957,0.000797356882094142
2958,0.9957476063983935
2959,0.9997767659247889
2960,0.9667784794361942
2961,0.0012291929112756396
2962,0.0002757479364290553
2963,0.9374727525252573
2964,0.9999693991923071
2965,0.00010838792869590934
2966,0.0004856589043558744
2967,0.9992153708269867
2968,0.8436570724251752
2969,0.8647794521112491
2970,0.9999012198375319
2971,0.9995997094013104
2972,0.7425586988409838
2973,0.850001353778174
2974,0.9994729892102053
2975,0.9994272539322056
2976,0.9998351017763097
2977,0.7438345062354121
2978,0.99985124383106
2979,0.9997882181852269
2980,4.9822436665359245e-05
2981,0.00010022891999129742
2982,0.0006102910468538507
2983,0.03436080765133245
2984,0.9877083445050177
2985,0.4523241053411635
2986,0.5159171449955958
2987,0.993984649715323
2988,0.007871044711007667
2989,0.00010612840972383498
2990,0.0014214707790469623
2991,0.9993559609715768
2992,0.00016350884134063457
2993,0.45523735681973926
2994,0.0018205721787733545
2995,0.9973248138019696
2996,0.20210351887312025
2997,0.9941345719306252
2998,0.0004990408493238848
2999,0.060708636335342556
3000,0.00010579731860931407
3001,9.532845799510292e-05
3002,0.7362069989048324
3003,0.9894739154795674
3004,0.9699855133885432
3005,0.9998405381182803
3006,0.9999841111804711
3007,0.00034344167877415434
3008,0.99989878767755
3009,0.9275411139518178
3010,0.9341680704450143
3011,0.009117582940243814
3012,0.001783249665053031
3013,0.08307699103710339
3014,0.8419309460707668
3015,3.9822658235691586e-05
3016,4.8964525789553424e-05
3017,0.000389812676657832
3018,0.9943321061936391
3019,0.9994517653223375
3020,0.9887934542542189
3021,0.9974680720302188
3022,0.06191444225227673
3023,0.08678606997287484
3024,2.65504173212118e-05
3025,0.0006969997967641112
3026,0.0010259126270100978
3027,0.99952587237595
3028,0.9957220039071187
3029,0.3362657710123202
3030,6.115128708756966e-05
3031,0.997297089508284
3032,0.9971279877611218
3033,0.9991089633588773
3034,0.09142234546789016
3035,0.0004000399654897108
3036,0.0003917257615933969
3037,0.9999124544001238
3038,0.001606656879606879
3039,0.9986728970907562
3040,0.0010770803294023093
3041,4.1899894183308696e-05
3042,0.9984493416625339
3043,0.9992666715901716
3044,0.9987280003812105
3045,0.0054611570475320845
3046,0.9945839180193077
3047,0.41238601138054287
3048,0.9989136686711791
3049,0.9727852419636127
3050,0.9974140855234255
3051,0.8680260134369763
3052,0.0016157953209050078
3053,0.9530031240389871
3054,0.007763185256920989
3055,5.7918181268936e-05
3056,0.9856260920002266
3057,0.9997185310883288
3058,0.9996526375468227
3059,9.893331265922407e-05
3060,0.5766939263947827
3061,8.37253255410484e-05
3062,0.9994163366049834
3063,0.9990395635922931
3064,0.995866890412206
3065,7.088737392751555e-05
3066,0.9972312443008832
3067,5.4420543443535924e-05
3068,0.9998766535074934
3069,0.57005790455096
3070,0.9999200973671304
3071,0.9626995812338887
3072,0.00035727558968858653
3073,0.9999276315778539
3074,0.020207143883169604
3075,0.6302877100057142
3076,0.019960783634014503
3077,0.7650137148986608
3078,0.002365406244004706
3079,0.0002618774397078706
3080,0.9998992925564034
3081,0.9984699486224748
3082,6.001778467541921e-05
3083,0.03968243943921505
3084,0.3217856376571386
3085,0.9053701498117358
3086,0.999956677128267
3087,0.9870955426873675
3088,0.993398472099517
3089,0.9502553074893835
3090,0.7626393697809434
3091,0.07265697954792592
3092,0.9998502952478705
3093,0.0015172261767874484
3094,0.9983120173074911
3095,0.13456856345978316
3096,0.00023519025277109965
3097,0.9657904024019314
3098,0.9990018566471105
3099,0.7438315081086201
3100,0.9988124087767691
3101,0.00017988007163130364
3102,0.622751697239213
3103,0.0032688153803692556
3104,0.1747572972574454
3105,0.9973600160734039
3106,0.00031610615529135706
3107,0.2329667326437215
3108,9.104213219172522e-05
3109,0.0144117778247656
3110,0.00014024034172701268
3111,0.001275743700748307
3112,0.9921933381998828
3113,0.8687314391422816
3114,0.9713468976350067
3115,0.9998416464709269
3116,0.5993342371342902
3117,0.8278361938857922
3118,0.9841490109925933
3119,0.004615072444700895
3120,0.016848965946949918
3121,0.10811695980607613
3122,0.0280504577653494
3123,0.9405344395442229
3124,0.05476756961658697
3125,0.6417581863743826
3126,0.9995842711163231
3127,0.998459690144031
3128,0.9747423905481203
3129,0.9956671326618743
3130,0.9996728380052897
3131,0.9695170946706911
3132,0.9998315069135729
3133,9.619197709613664e-05
3134,4.488052162988061e-05
3135,0.6289739334328449
3136,7.148727837243508e-05
3137,0.33408370338098703
3138,0.9994800052804295
3139,0.9989799718519908
3140,0.9989821340015337
3141,0.01638685375452282
3142,0.6706263572657706
3143,0.020256362592286525
3144,0.35947302905285244
3145,0.9999581096149789
3146,0.9996764981050961
3147,0.9975446868962003
3148,0.9998281445099643
3149,0.5833398473723542
3150,0.00015324853559417064
3151,0.9536653933860274
3152,0.999818173445297
3153,0.9958364826501815
3154,0.8876048167242712
3155,0.010902909795973744
3156,0.9997877016518123
3157,0.9999386904661863
3158,0.9918832381682908
3159,0.9988120507124042
3160,0.0010786326230420975
3161,0.9993088958746141
3162,0.002687444040002904
3163,0.013676894619713125
3164,0.9989564133283118
3165,0.00016693407711757194
3166,0.01239844946773367
3167,0.9954027283185536
3168,0.9973505547581044
3169,0.9893288041672839
3170,0.6963145758356373
3171,0.9996047380134827
3172,0.0022195472987004664
3173,0.9998396826826368
3174,0.9937556955131446
3175,0.0007913530316880075
3176,0.9989868024489681
3177,0.005960511922840465
3178,0.9992157086016428
3179,0.027941525134650945
3180,0.9983937441568466
3181,0.0004884182962621928
3182,0.8569791920830214
3183,0.9018552434111281
3184,0.9991887864234178
3185,0.9998587225427411
3186,0.9994572454607402
3187,0.0002313865355002574
3188,0.9991913857148997
3189,0.9957872290330634
3190,0.002683017272495023
3191,0.0011829843756144074
3192,0.003231237082627036
3193,0.00016308844530484788
3194,0.00018395228752414095
3195,0.9960390522586652
3196,0.9025540421338636
3197,0.006227741711075419
3198,3.0153754503870356e-05
3199,0.005841800914944644
3200,0.9769914168257864
3201,0.9998900041120188
3202,0.9999088230595022
3203,0.7788391957122597
3204,0.00260587321384089
3205,0.0019484455657737306
3206,0.9989144766274617
3207,0.9999639343915061
3208,0.9988196532559385
3209,0.016004274133824124
3210,0.6086823725328678
3211,0.963560268274173
3212,0.032181630868799924
3213,0.002186478079437869
3214,0.9997187176673169
3215,0.9981331922164317
3216,0.999894237699657
3217,0.9421239092111575
3218,0.9565995109020659
3219,0.016801117275982685
3220,0.0006282516992761526
3221,0.0005129969822202587
3222,0.9981519499979227
3223,0.9490634416292912
3224,0.897174832704543
3225,0.996075152556236
3226,0.9999710893132413
3227,0.38407752268410644
3228,1.648960709548182e-05
3229,0.976552435404045
3230,0.9963607708315613
3231,0.9792478859839012
3232,0.9896349670035874
3233,5.905144772656042e-05
3234,0.9972333932787112
3235,0.30002924459835817
3236,0.23171799269415214
3237,0.14916791023041
3238,0.1258756926135231
3239,0.9998658455110011
3240,0.9726934267245619
3241,0.9976209706204923
3242,0.001656193128165788
3243,0.9839620940459859
3244,0.999778773582953
3245,0.9989641878217355
3246,0.0006215846712086541
3247,0.423213819335403
3248,0.02050080462306143
3249,0.525789197126281
3250,0.0076352486969873705
3251,0.0007955468654454022
3252,0.9862467739263249
3253,4.562966998615945e-05
3254,0.004291964768140838
3255,0.010831117920879273
3256,0.0009326236536892226
3257,0.9806328164360139
3258,0.9999311117434749
3259,0.9959028407600298
3260,0.481050119172326
3261,0.9998152539440276
3262,0.8244372613259071
3263,0.9996266612419581
3264,0.9992415415092369
3265,0.6691776406967406
3266,0.7982891450459951
3267,0.36650717468421967
3268,0.0002340607816582965
3269,0.0002675144121104568
3270,0.00667930764399319
3271,0.9995208975374573
3272,0.0002141296831637354
3273,0.9990428427687186
3274,0.9960581839405382
3275,0.9983737129382959
3276,0.17190154115645004
3277,0.0003669842383171794
3278,0.9355098554408832
3279,0.9996770750206643
3280,6.652699497683921e-05
3281,0.006132379105575925
3282,0.0011923379826221168
3283,0.9996816630982129
3284,0.9985167624230847
3285,0.0023275826495577716
3286,0.8310407069009225
3287,0.8866397082984484
3288,0.999021302760777
3289,0.3479082622780494
3290,0.0001992678841928676
3291,0.00012273739768695806
3292,0.9997719855071471
3293,3.829642094065698e-05
3294,0.16236096843429357
3295,0.9994622031956637
3296,0.9981167978876319
3297,0.2854774896513461
3298,7.594752211747067e-05
3299,0.09030186816988794
3300,0.0016879669054392086
3301,0.0001209118055032631
3302,0.0002904793596282244
3303,0.9995069171827823
3304,0.9959362919660769
3305,0.0001549320897358677
3306,0.004805481348952
3307,0.006124274480049742
3308,0.9968244679140148
3309,0.9983286847533984
3310,0.9999138597380506
3311,0.00235656966530554
3312,0.8427100235873987
3313,0.5232850729895121
3314,0.9527048754499141
3315,0.21077767272673278
3316,0.0003921396599329588
3317,0.002326111602075356
3318,0.9998443678082464
3319,0.9357520237722686
3320,0.0066934279960160934
3321,0.9997186077629604
3322,0.0004999049836390715
3323,0.9992214807572103
3324,0.004828945857240021
3325,0.9895034627569578
3326,0.741142893708308
3327,0.9998866043973594
3328,0.000577225457182607
3329,0.0014302404232678229
3330,0.0016600580375610117
3331,0.989954650837443
3332,0.07020923837437971
3333,0.00010928659266809572
3334,0.004738895418822243
3335,0.9981102688292998
3336,0.6672615380706728
3337,0.00010567626826284404
3338,0.520821715771636
3339,0.9999556451155477
3340,0.9733727398561536
3341,0.9712324142602116
3342,0.00024611198166280066
3343,0.0008436498237036253
3344,0.0002480560757556439
3345,4.454949264929988e-05
3346,0.006338306668037346
3347,0.9823048428695372
3348,0.9990515376124383
3349,0.9998841184851489
3350,0.000264614165556517
3351,0.8019809016232076
3352,0.012126313305792417
3353,0.9968223199989882
3354,0.9977106141731946
3355,0.9926367114209795
3356,0.01013000638376506
3357,0.27560435148278944
3358,0.1070222090877131
3359,0.9948691630550506
3360,0.9913484198272675
3361,0.011279284645698932
3362,0.032936113702856394
3363,3.706685242167977e-05
3364,0.9997011531781759
3365,0.4133754484502381
3366,0.9998986593333581
3367,0.9460901231148675
3368,0.9102625144498362
3369,0.26393362588605657
3370,0.9840746509435055
3371,0.9963353875008867
3372,0.9234925130375788
3373,0.0020223785042264865
3374,0.9988541102299429
3375,0.9299858093281822
3376,0.42599101556326047
3377,0.00017884775722057868
3378,0.001947277306082166
3379,0.9971932707857534
3380,0.9690307406328662
3381,0.9701934790008209
3382,0.2077048407387002
3383,0.9997045143231216
3384,0.9992790993356062
3385,0.9996336900545744
3386,0.9992721760754226
3387,0.09021505613657854
3388,0.021750942086215207
3389,0.9995076099381807
3390,0.9394638176276431
3391,0.9999696343572272
3392,0.9998591012512703
3393,0.0011908064832427355
3394,4.149078680959717e-05
3395,0.0021316744116510154
3396,0.9984972399740295
3397,0.9705137859906261
3398,0.9987221523234154
3399,0.007886275246775739
3400,0.9957028819166129
3401,0.9936020053720983
3402,0.00819116026619833
3403,0.9591741160850334
3404,0.02979173741899195
3405,0.00014844976086839456
3406,0.022154725463896668
3407,0.9998056855610934
3408,0.9865467877107477
3409,9.494400679284704e-05
3410,0.06845004884730868
3411,0.048004042530596626
3412,0.5810487412025389
3413,0.9977621896396022
3414,0.5333079521783416
3415,0.9992249872440738
3416,0.0006503143754696598
3417,1.1688660045815517e-05
3418,0.9998598192704781
3419,0.9987976462182672
3420,5.493692298285999e-05
3421,0.9968763354669259
3422,0.06698531227231341
3423,0.8733791916911156
3424,0.0032685165069630522
3425,0.9996718042278471
3426,0.005504260886455162
3427,0.9994713563938854
3428,0.997384222325952
3429,0.07266796353732
3430,0.9984780617174792
3431,2.9593797541186443e-05
3432,0.0004478974003696575
3433,0.18195247776841894
3434,0.9868712742955652
3435,0.0018872417433920545
3436,0.03559145094391142
3437,0.34986981003816126
3438,0.9996796953333111
3439,8.069930287709587e-05
3440,0.9990192962773352
3441,0.9990481093861929
3442,0.9976027295855538
3443,0.9998921708487191
3444,0.000597331055005341
3445,0.9997548897672792
3446,0.9999511518052651
3447,0.023103988016040217
3448,0.02650433252701721
3449,0.7565041421900711
3450,0.9998585641775907
3451,0.9997330091780952
3452,0.09335884559212634
3453,0.9972842013177846
3454,1.2595588811557926e-05
3455,0.9955470664831391
3456,0.9942241883099152
3457,0.00011311128255342855
3458,0.3433741739513982
3459,0.9979719397159534
3460,0.9998461604828348
3461,0.9998669169995053
3462,0.1697462553876241
3463,7.040637204889734e-05
3464,0.9950458486067193
3465,0.9992778876681684
3466,0.00010769817406424549
3467,0.35796353719428964
3468,0.9994887303617975
3469,0.9993208271428076
3470,0.9971432246837465
3471,0.47892379867925894
3472,0.6902357546952579
3473,0.00013162713254900432
3474,0.0003635857185091859
3475,0.0028621882513448866
3476,0.9903148232136879
3477,0.12618594434966643
3478,0.6096534803428825
3479,0.7371936895911757
3480,0.8781474356267099
3481,0.9997595458365062
3482,0.8395681872160229
3483,0.15255346583568163
3484,0.9980275073192986
3485,0.0001363637632207448
3486,0.20130798658091462
3487,0.9658086076751515
3488,0.9998683137789713
3489,7.505890094863788e-05
3490,0.0005788340281475097
3491,0.14604223892373433
3492,0.16856685417430034
3493,0.0003342694785285745
3494,0.9996604144116549
3495,0.9757559695608228
3496,0.9943649930631717
3497,0.9982925089453288
3498,0.30827708016324884
3499,0.6405887034701861
3500,0.9989732527111053
3501,0.9999416185531214
3502,0.00033768808313910443
3503,0.002703878049874424
3504,0.9958828238364267
3505,0.9015762304262547
3506,0.00014243693784497308
3507,0.9460286805413205
3508,0.999561363622142
3509,0.9900568325221736
3510,0.9454893565142646
3511,0.008127511843670982
3512,0.9989797562227319
3513,0.9922808382555414
3514,0.9997860208223219
3515,5.851584945862724e-05
3516,0.00021105421368066207
3517,0.9996457099513415
3518,0.999425848273961
3519,5.6732069906129135e-05
3520,0.00020338873118511973
3521,0.9151333237047022
3522,0.8658216295429935
3523,0.9992042391899183
3524,0.2583890678677049
3525,0.9991063391024189
3526,0.9999094766055449
3527,0.9993889973061759
3528,0.9991670227417345
3529,0.997588285489395
3530,0.0008345503656539272
3531,0.9998878905538531
3532,0.003386092830302652
3533,0.8432726528181452
3534,0.9988062677532669
3535,0.008875783906749661
3536,0.0010129765972265528
3537,0.999922035187131
3538,0.9998559290221638
3539,0.9936085242988458
3540,0.7632136498567523
3541,0.9883093896179844
3542,0.8839956810482467
3543,0.06640941715467787
3544,0.9667562831449248
3545,0.00013211587007020393
3546,0.002143408982046908
3547,0.9668190893406468
3548,0.9990886881797039
3549,0.0012252620341178125
3550,0.08751251719929412
3551,0.9913488943228216
3552,0.9907826003518967
3553,0.0007011215003686085
3554,0.9995164282806582
3555,0.3790839075560767
3556,0.9988505932445042
3557,0.009511532205228398
3558,0.06623159787676873
3559,0.4457781200448483
3560,0.00027709494617077636
3561,0.9324138164833694
3562,0.0007152867904758626
3563,0.9998972147038215
3564,0.559784922427172
3565,0.01971298371178414
3566,0.9818162803516318
3567,0.9719426521527899
3568,0.9999021058384284
3569,0.2768816506618807
3570,0.006536586490535717
3571,0.6174686843564926
3572,0.9664423114756729
3573,0.013316887400243681
3574,0.010611536800281967
3575,0.18834505747932773
3576,0.0010579498049608986
3577,0.7634605492630022
3578,0.9999251318372577
3579,0.9997622269140968
3580,0.002252923686990768
3581,0.8114290296710481
3582,0.9984917686279549
3583,0.9911003081530496
3584,0.8243729694389514
3585,0.9999407215398349
3586,0.00026676110159192564
3587,0.0004165636910795585
3588,0.001484008691800733
3589,0.000258580649125842
3590,0.9569996725909566
3591,0.00021141097271525303
3592,0.0003001207695957368
3593,0.9988999264211454
3594,0.9993705626877877
3595,0.012441521257015387
3596,0.9998928375656948
3597,0.9987428042017608
3598,0.9997617145799284
3599,0.002257623266541837
3600,0.0010932077159652547
3601,0.8971792589045584
3602,0.8160214946009949
3603,0.00033176264539037004
3604,0.9674926252633769
3605,0.015319579512149349
3606,0.99975727952187
3607,0.9975671588984683
3608,0.00657066930315974
3609,0.9928872759412315
3610,0.9382094754855689
3611,0.0015384974095056147
3612,0.0035372070070697056
3613,0.0015512383476766198
3614,0.01600464879743478
3615,0.035488656769652495
3616,0.9948970277052149
3617,0.002531205601862423
3618,0.9982958677092352
3619,0.6285484143980671
3620,0.003027732160408463
3621,0.09665602766006033
3622,0.8218767852636817
3623,0.08984997577486713
3624,0.993250381606838
3625,0.9993969951068756
3626,0.8995130598706484
3627,0.8344593724233419
3628,0.9941443055255966
3629,0.0012241344470242733
3630,4.624505598250598e-05
3631,0.9787760314421393
3632,0.641831204687466
3633,0.9999051337251448
3634,2.8986015601031622e-05
3635,0.12240778764325896
3636,0.15960480860766993
3637,0.0599848672283779
3638,0.01930879814427489
3639,0.00032253594526317333
3640,0.9415224847427729
3641,0.002612696400731327
3642,0.9844714454375133
3643,0.26964829455778766
3644,0.9948307771765977
3645,0.9221851995179101
3646,0.23667295912845251
3647,0.1032936795736428
3648,0.9996875066589178
3649,0.9997653269126446
3650,0.9997369433154926
3651,0.9998878828588531
3652,0.5478149785034739
3653,0.998921889113655
3654,0.0026308528392033803
3655,0.0024091761016068283
3656,0.9931811907909901
3657,0.9969867088403992
3658,0.00026338350597272916
3659,0.0006497674875428332
3660,0.9996860998765573
3661,0.0011731667174880913
3662,0.999534179722935
3663,0.9421025403368128
3664,0.0001432412821038739
3665,0.9994773694998177
3666,0.005517097056200933
3667,0.06921397028020979
3668,0.08547203921381005
3669,0.9949602438026867
3670,0.00012466329966247616
3671,0.8752854886472378
3672,0.9974774313424617
3673,0.1307143339056799
3674,0.9928662311726165
3675,0.000596962476821246
3676,0.01836463001202166
3677,0.00029758223702054643
3678,0.008012675216054236
3679,0.027412253032312886
3680,0.018155720223936214
3681,0.8910888960132046
3682,0.8048683064687048
3683,0.9997914239474704
3684,0.07655398595712393
3685,0.9934413467905922
3686,0.28795946996433114
3687,0.0007351214577122405
3688,0.007179013819077984
3689,0.005919381714161793
3690,0.09745269994507785
3691,0.9998942862344117
3692,0.0007748999913353042
3693,0.999856134843541
3694,0.026356740370858656
3695,0.9761001063265236
3696,0.0003996106318157804
3697,0.0065838470799500694
3698,0.9832507213514385
3699,0.449018199961692
3700,0.9878497062557771
3701,0.7520979728789328
3702,5.871447428756784e-05
3703,0.703356700064265
3704,0.0003135575784535712
3705,0.0005202990828310339
3706,0.2715687241540281
3707,0.9996286515800182
3708,0.9999132698019482
3709,0.005873976785919942
3710,0.1448402529695734
3711,0.9891493593123462
3712,0.9730350053684126
3713,0.00015127489517505096
3714,0.006496482423618829
3715,0.9999344093443606
3716,0.9937042892727938
3717,0.00042014939429676443
3718,0.004291552795632151
3719,0.056332651849193394
3720,0.973292814470162
3721,0.00022072647102862463
3722,0.9596436467268082
3723,6.335650208614747e-05
3724,0.9995981844321106
3725,0.9843283597756209
3726,0.9996685626512899
3727,0.0003626560093889824
3728,0.9993089833647399
3729,0.0002971863351509233
3730,0.9968738993671713
3731,0.23001376821899994
3732,0.47645383762436866
3733,0.22321009085391538
3734,0.0007395306004332128
3735,0.08886600865591299
3736,0.42716224137488273
3737,0.011786922084158784
3738,6.0138522823726626e-05
3739,0.016393274180183305
3740,0.6284106487863065
3741,0.00016533416043335123
3742,0.08130212151019589
3743,0.6651289464642232
3744,0.4329576550712308
3745,0.0040180610180866735
3746,0.00015784068026179554
3747,0.008779746971137824
3748,0.9985687750924336
3749,0.081160910385708
3750,0.9360425584003098
3751,0.011144806692872287
3752,0.9947203102696413
3753,0.00047401748978224164
3754,0.003431004683200907
3755,0.9631459185460388
3756,0.003472261425571626
3757,0.04322867160049208
3758,0.613657448810637
3759,0.0001360120348728725
3760,0.018272838752622023
3761,0.00045999731049224175
3762,0.998677830467789
3763,0.00032904247946016237
3764,0.9992433532257038
3765,0.002528462818671967
3766,0.0006361459361895843
3767,0.9975093889643644
3768,0.8792295689677783
3769,0.9996577948864721
3770,0.9987427719764319
3771,0.0006451306468760703
3772,0.04502892346624329
3773,0.2038653240736247
3774,0.9994873806631978
3775,0.00258435455287553
3776,0.0004079016660469722
3777,0.9998908313576994
3778,0.00036834748619863944
3779,0.5242920730385175
3780,0.9992253243257185
3781,0.5016440297940997
3782,0.9580253639767686
3783,0.00664210412261804
3784,0.9999788573764223
3785,0.9531896785507181
3786,0.012886685846757819
3787,0.37620397768209757
3788,0.0002040541128123932
3789,0.00012978855213912756
3790,0.7799856567651007
3791,0.0008915700235342323
3792,0.9994209561349735
3793,5.996203665453462e-05
3794,0.011649444071418054
3795,0.9821793061595312
3796,0.0012443968585465564
3797,0.0004775439865855593
3798,0.000639238896681463
3799,0.9990118381489662
3800,0.5078471121186846
3801,0.0018701192408684339
3802,0.9999373853000765
3803,0.9991714470593266
3804,0.00040672099427334287
3805,0.09353501690186823
3806,0.00011613003534624605
3807,2.1895398336770896e-05
3808,0.00032912769215435935
3809,0.000498367540429896
3810,0.0007551338279484085
3811,0.9993509024300212
3812,0.008999204479917105
3813,0.9971288607968585
3814,0.9997046409212846
3815,0.004459266247285351
3816,0.0013341032781832773
3817,0.9452726633897797
3818,0.4414689099366591
3819,0.19284838659327797
3820,0.00021746777891789361
3821,0.9223148509928633
3822,0.9791004020893668
3823,0.9991762183791784
3824,0.009712686136012345
3825,0.9877861257440246
3826,0.5042862133035283
3827,0.0001031643517603474
3828,0.5767909076859843
3829,0.9998111383670714
3830,0.010320926852291336
3831,0.023906691676484546
3832,0.9982439333149037
3833,0.9999222534382413
3834,0.5352648915405928
3835,0.0007909872138618032
3836,0.0016640481665645775
3837,0.9652708040118126
3838,0.03836092657736405
3839,0.991208593262223
3840,0.0008704779886215034
3841,0.08536698904585122
3842,0.9426285335500928
3843,0.9969585013642687
3844,0.007049586865017503
3845,0.9322101426070729
3846,0.9644192794219529
3847,0.9950535171266024
3848,0.6841828326254322
3849,0.9997838048357642
3850,0.02993417542731222
3851,0.9531193432355136
3852,0.030115462659645154
3853,0.8247111027734482
3854,0.46123088336838164
3855,0.9987643046043572
3856,0.9999603586197112
3857,0.005337810211264429
3858,0.9997504167154974
3859,0.007624555498166428
3860,0.3366881786837762
3861,0.001115337096481852
3862,0.01470998162852941
3863,0.9989995236981863
3864,0.3807169475660104
3865,0.06390721128086983
3866,0.9994965107556414
3867,0.0014781686024538184
3868,0.9993648968752946
3869,0.7172011999564764
3870,5.879893055588322e-05
3871,0.9985139935680921
3872,0.998034898164849
3873,0.0004976094545700514
3874,0.9311305061691286
3875,0.9999339739673809
3876,0.9999259587668553
3877,0.787950075773744
3878,0.00014910057014323624
3879,0.2683303024271455
3880,0.019283400788783146
3881,0.9965660250878283
3882,0.49316275165939827
3883,0.9974509060656679
3884,0.6959103399464374
3885,8.528372575517914e-05
3886,0.995666493981074
3887,0.9998393404912481
3888,0.9877537373401543
3889,0.9998429475137621
3890,0.0011724525056410297
3891,5.108443660341218e-05
3892,0.9998206735201663
3893,0.9977117435988981
3894,0.9966745002081746
3895,5.7254122025935896e-05
3896,0.9952604429655068
3897,0.9998578453833453
3898,0.9999130078922657
3899,0.9009167124619932
3900,0.9994374965491627
3901,0.0023561254832927727
3902,0.00025610451359406094
3903,0.006887216265688774
3904,0.9774315366525075
3905,0.9980744845812335
3906,0.0009145508887369956
3907,0.12799468671430578
3908,0.9990268492205063
3909,0.018271201573622883
3910,0.031469673347922875
3911,0.05385054863318186
3912,0.999901253578955
3913,0.05759486825700532
3914,0.0004725438169640762
3915,0.013478861401243518
3916,0.0009609928787121245
3917,0.2846629795812094
3918,0.28721857840906034
3919,0.9999780970693739
3920,0.9999291967754825
3921,0.99920220657684
3922,0.9049888474242367
3923,2.5614070395521476e-05
3924,0.00037659224673238813
3925,0.9998116633302129
3926,6.221446517276932e-05
3927,0.0007695031942997167
3928,0.8182632228120322
3929,0.9986053296402347
3930,0.016892619473780963
3931,0.0014514744108613897
3932,0.9987316719748078
3933,0.9702141042248861
3934,0.9304357006581464
3935,0.9998759924114564
3936,0.986376321561954
3937,0.00019939810543217549
3938,4.169752846046804e-05
3939,0.999312629073159
3940,0.0459701145370096
3941,0.9982338801503325
3942,0.09045788207334025
3943,0.9998604692514078
3944,0.061038920848786295
3945,0.0010690235386098177
3946,0.03030490166787589
3947,0.9993234136850301
3948,0.14997667330020759
3949,0.3607725599761892
3950,0.0029318076773036756
3951,0.803449034428465
3952,0.9998928916281691
3953,0.0016393014292845531
3954,0.9998966822132097
3955,0.5876688543842831
3956,0.9572356211463964
3957,8.05089366267934e-05
3958,0.9935851039777235
3959,0.000183227303375537
3960,0.010945339634715551
3961,0.5046578579244558
3962,0.020517289577205146
3963,0.9804364046878947
3964,0.0986779645723653
3965,0.9741004841414244
3966,0.020959720256555073
3967,0.9990665319154501
3968,0.572148617357934
3969,0.002893073382267273
3970,0.8515858813330834
3971,0.8150578757548328
3972,0.0008411446181856085
3973,0.9993285963690773
3974,0.9306494623798142
3975,0.0004131687851906057
3976,5.499851445485976e-05
3977,0.003395502426971559
3978,0.004674264476233468
3979,0.0003079918835791297
3980,0.0011714432007380242
3981,0.0007093452704486676
3982,0.14022417031602274
3983,0.3845026576354137
3984,0.9292278881527226
3985,0.01636353352460852
3986,0.9849977028986909
3987,0.9993978104965263
3988,0.9950415508425118
3989,0.06379618227166478
3990,0.9823491561098104
3991,0.9962202800865063
3992,0.0005209577646810235
3993,0.9909754311746263
3994,0.0018409947213613835
3995,0.9998189240298744
3996,0.9999709394703464
3997,0.9786988883382057
3998,0.9879224787317831
3999,0.02475827087370674
4000,0.0005087476535684702
4001,0.9761526991959601
4002,0.9909060193281184
4003,0.24491970412753003
4004,0.1515308593181434
4005,0.9997711755773396
4006,0.9999690140287121
4007,0.9998406532760487
4008,0.6954611589578837
4009,0.00263406946942925
4010,0.9998665697890795
4011,0.003057808185059546
4012,0.9996956379228074
4013,0.992175233350393
4014,0.9703974656358854
4015,0.09385445984001521
4016,0.14221329952528058
4017,0.6171862825631657
4018,0.9998888719548197
4019,0.0035649787850542767
4020,0.996876473835901
4021,0.019077268052502826
4022,0.9997954261794756
4023,0.9971408102100334
4024,0.6232565430236506
4025,0.9998741177402067
4026,0.009590760238935129
4027,0.0006698111509727411
4028,0.9999386601467851
4029,0.02338540743775202
4030,0.9993435332163977
4031,0.9995628037794931
4032,0.7192856898316806
4033,0.9995769487881805
4034,0.9999667131511762
4035,0.7517835611209034
4036,0.7278717580722701
4037,0.9999362115989596
4038,0.004617610101558277
4039,0.0007128471084102449
4040,0.19783247448136085
4041,0.2532609209417866
4042,0.02139850697719371
4043,0.0025618459771191275
4044,0.18626757252452694
4045,0.00046134922004044783
4046,0.0008355054894547044
4047,0.9627315784066902
4048,0.00024330046850569738
4049,2.3469657828681334e-05
4050,0.0009644455617043675
4051,0.9998141454540669
4052,0.9039911824660805
4053,0.9998293203574162
4054,0.00039303513656562385
4055,0.17068710395128484
4056,0.9996253155678498
4057,0.9559059804522029
4058,0.9994516087660792
4059,0.3382234251747339
4060,0.000294897080331053
4061,0.9991715981985883
4062,0.00028149857253120884
4063,0.0019317264479281006
4064,0.9999048368822807
4065,0.9081047236442645
4066,0.0012315948607840516
4067,0.9964728348671528
4068,0.98445331209127
4069,0.9996482607466701
4070,0.9891781923582402
4071,0.9989648868971102
4072,0.9941591612114925
4073,0.5383978657696532
4074,0.9997079432984618
4075,0.01564117651538935
4076,0.9993646140308934
4077,0.9993770945983731
4078,0.6639986143911103
4079,0.9274537210178996
4080,0.9997229034505684
4081,0.9995031055219131
4082,4.5491892935280054e-05
4083,0.6108368424382787
4084,0.9977636508284454
4085,0.0011696423025884947
4086,0.0008806969309933515
4087,0.9999148336248245
4088,0.028343528645743438
4089,0.0005437470362379046
4090,0.8057423712678012
4091,0.0005873990691539915
4092,0.9967097093050599
4093,0.9999619761241874
4094,0.004514299671673112
4095,0.9993752484828972
4096,0.5464474717222508
4097,0.9989093458466782
4098,0.00048607090209716017
4099,5.83979314537313e-05
4100,8.842062101434873e-05
4101,0.006141678035174373
4102,0.1133051696576883
4103,0.9994780780055448
4104,0.498383008677688
4105,0.00011811905739099938
4106,0.00024028902466848086
4107,0.0006399040869914884
4108,0.9989113853901281
4109,0.030257105763049887
4110,0.9972374921587834
4111,0.9980809203180184
4112,0.3376889495685988
4113,0.9987164990902588
4114,0.0022020292849936206
4115,0.9969937604932783
4116,0.9279022167542602
4117,0.9957508075510612
4118,0.9998852272184204
4119,0.951691708789818
4120,0.0003402945037165297
4121,0.9990342879550451
4122,0.37296513758048094
4123,0.9959683445961883
4124,0.48519991519080863
4125,0.9941392652847817
4126,0.876228792068338
4127,0.01832342333408136
4128,0.824910835486749
4129,0.97804526958104
4130,0.0004927268844301383
4131,4.425977401646116e-05
4132,0.7257685060189263
4133,0.01711264812475872
4134,0.085258823276694
4135,0.999859374694176
4136,0.8012069681688541
4137,0.00025833042427490804
4138,0.6171666019699132
4139,0.0005128141190096071
4140,0.8427425321404631
4141,0.0015463464977460322
4142,0.9999819447201979
4143,0.05838916871328095
4144,0.9999372165421279
4145,0.644281907402257
4146,0.06009193884246186
4147,0.9939125435262329
4148,0.0035686931898583065
4149,0.058238782846173794
4150,0.23929035840850393
4151,0.9483105353806293
4152,0.9962860083491386
4153,0.9999378634800807
4154,0.9637770612994644
4155,0.029888222319881613
4156,0.009353887644671321
4157,0.0007990248917016636
4158,0.00010247609222300229
4159,0.17853216879134848
4160,0.7180476996434431
4161,0.8710632417239301
4162,0.008863794421843792
4163,0.00347323153675283
4164,7.200222383111732e-05
4165,0.9998180031531934
4166,0.9998775877033589
4167,0.01118730639963984
4168,0.9994650647658522
4169,0.042990254217567275
4170,0.9773036320827809
4171,0.9998339415064554
4172,0.8396312878215707
4173,0.9013466203207917
4174,0.990492500372555
4175,0.00019008043922947798
4176,0.021031106165804433
4177,0.0005131581561268567
4178,0.03885474765074459
4179,0.005970247177236812
4180,0.3803479899765546
4181,0.0794688263630957
4182,0.0006596149618913623
4183,0.5184108306834786
4184,0.9999316840023452
4185,0.9970151024751976
4186,0.9999504858543232
4187,4.7990968846836226e-05
4188,0.9998176968180575
4189,3.9607384538000626e-05
4190,5.398825608315278e-05
4191,0.9996431625383632
4192,0.8487166407582625
4193,0.6279443503789999
4194,0.27037094574680853
4195,0.0005075765813803777
4196,0.0018810808060445536
4197,0.0011969732268984085
4198,0.0015419807053228861
4199,0.005699724413273118
4200,0.9995522359819792
4201,5.883252587511003e-05
4202,0.002395332676600904
4203,0.006733383844002722
4204,0.997979931981045
4205,0.9999445967485562
4206,0.0005139247582200615
4207,0.9997848719994107
4208,0.000263766307892621
4209,0.9654464863890513
4210,0.8469319546750498
4211,0.02940853002028462
4212,0.00057862421668407
4213,0.952348562191113
4214,0.19441357556768893
4215,0.11285440654203868
4216,0.006218109024331819
4217,0.9996734564030642
4218,0.0003852092752055435
4219,0.992801038478708
4220,0.00858832877180768
4221,0.9981007889175285
4222,0.002728621692833104
4223,0.013304328860858246
4224,0.9982467111663731
4225,0.8150209767572836
4226,0.5689872342910646
4227,0.9445383941379858
4228,0.9992753893270647
4229,5.086086034314045e-05
4230,0.999976540577917
4231,0.9996967244318778
4232,0.9992553362162075
4233,6.414340755697288e-05
4234,0.0033992692066950624
4235,0.0006255079313494989
4236,0.007438842486024266
4237,0.744801052887803
4238,0.00017160819054612523
4239,0.00024472548191474265
4240,9.087343664378218e-05
4241,0.00011526031793746919
4242,0.0009910912057615364
4243,0.999761976077479
4244,0.9997251841678498
4245,0.0005175693541435397
4246,0.5829572815925755
4247,0.9822095588542962
4248,0.969002626156444
4249,0.009258851196198873
4250,0.47582819507433516
4251,0.9994951441224413
4252,0.9999058966726747
4253,0.9999040587740362
4254,0.0004122771144980938
4255,0.00031748265201629535
4256,0.9997915103674017
4257,9.698676928147535e-05
4258,0.0051721050340313305
4259,0.0004423473166639174
4260,0.0003479069083434514
4261,0.8596758901882574
4262,0.9997487038271038
4263,0.001748159351368035
4264,0.005753000468042698
4265,0.9643892975954361
4266,0.9989221964367796
4267,0.9608099582411455
4268,0.944616051673918
4269,0.9915683249944793
4270,0.0030177462187270993
4271,0.9981437400766747
4272,0.0001392021321737148
4273,0.9965000330793946
4274,0.41947545140888176
4275,0.22406727306083857
4276,0.00011991760523854195
4277,0.9999076881081478
4278,0.015321325877877595
4279,0.8948193410504702
4280,0.0008878306232291696
4281,0.003430777318093578
4282,0.9893360702592615
4283,0.9999178959009365
4284,0.003899112431648835
4285,0.997565946190175
4286,0.9984990570492148
4287,0.6375976600878096
4288,0.9869359893436567
4289,0.9958130987703708
4290,0.024175747928886816
4291,0.10825383403650345
4292,0.9882592090901328
4293,0.004432657366050296
4294,0.9997398877050266
4295,0.007778049938684621
4296,0.004102903638902566
4297,0.9362563179337825
4298,0.9998365774549987
4299,0.9996829320206608
4300,0.0016828318829765804
4301,0.00015215454277436278
4302,0.01867824417126389
4303,0.9998252849290392
4304,0.9999213111168715
4305,0.3092285974032924
4306,0.9974646726413288
4307,0.013564980212113279
4308,0.9997772477311611
4309,0.001905020758343384
4310,0.9994547194507601
4311,0.9995130540237581
4312,0.004550505949291996
4313,0.9510190874343957
4314,0.9996156518113813
4315,0.05051258097599769
4316,0.9895427871952494
4317,0.12848024611781977
4318,0.0013875886025744466
4319,0.9995313796354769
4320,0.3985085924284428
4321,0.21096970192735595
4322,0.997544387989949
4323,0.008006979048157777
4324,0.00013050511496462178
4325,0.997955554722707
4326,0.9998291457701254
4327,0.9270031583359596
4328,0.9967254582573043
4329,0.00026466333136124936
4330,0.0030172082533615158
4331,0.9997473762655995
4332,0.9989206341981071
4333,0.9920626764914324
4334,0.9626312246893846
4335,0.00012428394560794816
4336,0.9980021150884595
4337,0.9998589883819254
4338,0.9999634657508373
4339,0.32092353544630664
4340,0.0012114258766042856
4341,0.999940930679317
4342,0.9998430208332022
4343,0.9974504531186534
4344,0.5897901992848998
4345,0.9998797129402576
4346,0.0034585920569514335
4347,0.9998497379480918
4348,0.027295980400102393
4349,0.00045478154955760246
4350,0.9601530100269885
4351,7.974751843767711e-05
4352,0.9827020907781974
4353,0.8800922002275977
4354,0.9976818146939045
4355,0.29240137190164356
4356,4.8592242282400114e-05
4357,0.7276576364572152
4358,0.9987415239223306
4359,0.000729885562302143
4360,0.8323809639530414
4361,0.9997072858602142
4362,0.9992883672207056
4363,0.009020647240039521
4364,0.9987271801259944
4365,0.0416725536756992
4366,0.9999627705608592
4367,0.00015949904461526316
4368,0.6627965007556841
4369,0.00024345756049126094
4370,0.010407690265882218
4371,0.8581954472899305
4372,0.969712288330278
4373,0.018237354990782526
4374,0.9939633303832093
4375,0.9154373710085683
4376,0.034773437211644075
4377,0.9915821646472768
4378,0.19122582793024354
4379,0.0007010886819562248
4380,0.959951519809772
4381,0.8703654693464838
4382,0.0862964529774066
4383,0.08290459013282726
4384,0.9311552288865148
4385,0.9871955890570092
4386,0.997098886314425
4387,0.009115937085296429
4388,0.9996838072346992
4389,0.00049983761518201
4390,0.08772261605035812
4391,0.0011517304753659416
4392,0.9803360060243125
4393,0.7101852982986734
4394,9.861186219602518e-05
4395,0.9999354478969693
4396,0.9991756215420885
4397,0.007372244562507724
4398,0.0004378050628765125
4399,0.0007850591960952766
4400,0.9997525241136205
4401,0.01794615288539011
4402,0.9992627907473907
4403,0.006118579868403332
4404,0.9606372356737048
4405,0.007110305757667457
4406,0.9965102544919687
4407,0.00013157907814330622
4408,0.9998210308032258
4409,0.05626962658534284
4410,0.0020332361545037825
4411,0.9999086741972942
4412,0.4461698020280828
4413,0.006383382870431963
4414,0.48236651570985833
4415,0.33414611604278144
4416,9.104108243975222e-05
4417,0.9874947179144052
4418,0.004824090652820412
4419,0.999143110808752
4420,0.48017481318350125
4421,0.998006097068887
4422,0.0008862385192925595
4423,0.9997673621878835
4424,0.005048044101900605
4425,0.08279143231374887
4426,0.22054641188875135
4427,0.9998400545457096
4428,0.9951370510730861
4429,0.17867901705171993
4430,0.0015659876138590237
4431,0.97016182468911
4432,0.7088170663453853
4433,0.0349420650333188
4434,0.0010547497405710734
4435,0.9999885981833248
4436,0.998088966813242
4437,0.00850281506440166
4438,0.9999082117810066
4439,0.9936742702629446
4440,0.9994224280991398
4441,0.9989755123466917
4442,0.0017126636972335293
4443,0.006526633427563994
4444,0.005733522508073586
4445,0.9986107266460863
4446,0.9718804861714123
4447,0.0009649432719522938
4448,0.5538309588872554
4449,0.9994502321479382
4450,0.28069853615314333
4451,0.21199199449207848
4452,0.0008980886600684304
4453,0.06899012807488716
4454,0.0002452364582808085
4455,0.7230494050029609
4456,0.0037906190588350513
4457,0.9999188252576021
4458,0.8625253635494183
4459,0.9640769697675495
4460,0.00024574361240602436
4461,0.02133137298930252
4462,0.9998983091528784
4463,0.0002449444324757669
4464,0.002246997696580059
4465,0.9976601163042269
4466,0.9995848828373174
4467,0.9996650632227103
4468,0.11893107455708217
4469,0.00011211123004426774
4470,0.9997393318272698
4471,0.01664066502388866
4472,0.9994354265710924
4473,0.9998939750620109
4474,0.999226779392782
4475,0.07310520573998355
4476,0.972737047494689
4477,0.9973604639107673
4478,0.06452385488755415
4479,0.5728992155827098
4480,0.9999358336422363
4481,0.7061752690252544
4482,0.09423687393690641
4483,0.0024398098317072394
4484,0.9956185121601272
4485,0.9997487501973137
4486,0.9989473011910036
4487,3.9902522586579586e-05
4488,4.0569551361085285e-05
4489,0.9982111603520684
4490,0.99991756569942
4491,0.11746675896350045
4492,0.9999530758232988
4493,0.4062396013592402
4494,0.9999717998730229
4495,0.9581024208390272
4496,0.999690404879679
4497,0.9885070482321798
4498,0.9969570888604765
4499,0.18017158922692247
4500,0.9998821391548571
4501,0.980415247753304
4502,0.00015009383964522885
4503,0.11119522540901419
4504,0.00010419452658902827
4505,0.9996107626154948
4506,0.05081645459582612
4507,0.3345590019053689
4508,0.9984468150851491
4509,0.0005296613503779812
4510,0.9075957651938764
4511,0.027484409116097824
4512,0.869972847645983
4513,0.003978405921481059
4514,0.004958546707346365
4515,0.013645466489769484
4516,0.0008433669335925323
4517,0.8328749022714164
4518,0.9999613069330416
4519,0.9994773411582187
4520,0.9999621259203898
4521,0.9974740314902398
4522,0.41010587453132585
4523,0.9915174237661394
4524,0.4336979501193536
4525,0.9971136306356626
4526,0.9990880368079559
4527,0.8734833061690569
4528,0.9997783425179098
4529,0.001868599102099278
4530,0.004175182203561632
4531,0.18070481412472486
4532,0.0008435510372935283
4533,0.9987244289058802
4534,0.81737745544536
4535,0.9703664402600019
4536,0.4822580459908297
4537,0.006751427752663486
4538,0.9996337293641092
4539,0.9971430501571842
4540,0.0004447470187545479
4541,0.056897064788697514
4542,0.999925893966606
4543,0.996060537203315
4544,0.9999119750372899
4545,0.0007309466762180859
4546,0.0007447009146970934
4547,0.0001413623840125933
4548,0.001978058103143977
4549,0.00012212409395196804
4550,0.6265212217035337
4551,0.007791299348316627
4552,0.8490701521836715
4553,0.9946451264351639
4554,0.4875215280762679
4555,0.7807802932578172
4556,3.5596602838445276e-05
4557,0.02585804554558497
4558,0.9977957259458143
4559,0.018904563573551317
4560,0.999419818305926
4561,0.9996671582464017
4562,0.02337812453691496
4563,0.953662447759981
4564,0.9907378818234193
4565,0.00010484265231286603
4566,0.9996584818636501
4567,0.1427202049439011
4568,0.7788662785921607
4569,0.007354775548124871
4570,0.9993090583712435
4571,0.7730969341714186
4572,0.9913676180811282
4573,0.0018598806151693024
4574,0.9970850646769183
4575,0.999914502352374
4576,0.9994043267527916
4577,0.0017803575494591032
4578,0.0004962321098672284
4579,0.9829027020075223
4580,0.9502387466497308
4581,0.35526042909796235
4582,0.6706010073922832
4583,0.00014063648186704139
4584,0.9946316015247091
4585,0.027130733405960894
4586,0.9981219698666677
4587,0.9785182244481697
4588,0.07552562541129446
4589,0.0003191591043766526
4590,0.0002706779663094611
4591,0.9986686423025
4592,0.0010055007603569607
4593,0.000210693752867235
4594,0.9989491792219789
4595,0.9995390997574289
4596,0.21532348836512402
4597,0.9996318272450879
4598,0.9952532839160672
4599,0.8124176979057731
4600,0.00011374760078356513
4601,0.971989917763678
4602,0.9972819771541598
4603,0.4332812824271224
4604,0.001718957381272111
4605,4.969909333144833e-05
4606,0.908822292848987
4607,0.9980181197229113
4608,0.034388705130966785
4609,0.006621319429988319
4610,0.9998286748428035
4611,0.9951205815800469
4612,0.7844302874349288
4613,0.9716778013003091
4614,0.9995173776987402
4615,0.9987935499575634
4616,2.939160325121681e-05
4617,0.5102933943158092
4618,0.00038694655987065504
4619,0.9977441966429822
4620,0.9993315975075221
4621,0.9998409647391994
4622,0.7842011106638205
4623,0.9999620578680227
4624,0.8806066316548277
4625,4.074317875467094e-05
4626,0.08888642270380323
4627,0.0012459984645675115
4628,0.00047768694037270804
4629,0.9897674368237278
4630,0.06255434106775912
4631,5.816325506724593e-05
4632,0.9789757644074087
4633,0.9999367784607934
4634,0.6051370990778415
4635,0.8735842926130694
4636,0.9908016877815646
4637,0.9996967310669211
4638,0.00018246378527724945
4639,0.0002403462135064426
4640,0.8013288927166731
4641,0.005966261126946804
4642,0.9997123192203577
4643,0.0004044969969000656
4644,0.9981176051866069
4645,0.9994320095097029
4646,5.892435688975264e-05
4647,0.013702287944826436
4648,0.9997791627481953
4649,0.998159127592619
4650,0.015625171445195176
4651,0.9790313546332516
4652,0.9982259047994144
4653,0.0003837743988002755
4654,0.0002497471725583399
4655,0.8897041388593054
4656,0.999244008062974
4657,0.7845284725020683
4658,0.9997124488473851
4659,0.020333434427507166
4660,0.9999591591826297
4661,0.2706794730664972
4662,0.1771034720462131
4663,0.6132593929313296
4664,0.0005346898471992489
4665,0.9449906443586744
4666,0.0013179663324785328
4667,0.9995973200744369
4668,0.999963084424297
4669,0.7354177818794496
4670,0.9881834072365119
4671,0.48792056355196256
4672,0.16041966393510879
4673,0.9987522849951409
4674,0.5102930658846325
4675,0.002490278840902504
4676,0.999395052014824
4677,0.0014251710060013984
4678,0.9957738156929108
4679,0.13770147052833837
4680,0.0011205703292238084
4681,0.9995066499118987
4682,0.0001941163685127705
4683,0.9982841343193299
4684,0.0003011917342603738
4685,0.7765096771481295
4686,0.0002587013562695107
4687,0.0022533929162129604
4688,0.49798150254267814
4689,0.025120959698132005
4690,0.9988134125468596
4691,2.5494837990494636e-05
4692,0.030634845776793623
4693,0.9988314133779617
4694,0.000562418093433206
4695,0.0011737321574097164
4696,0.00671175795037175
4697,0.9981508810942887
4698,0.0650828594903346
4699,0.0001746983037202437
4700,3.875431069515921e-05
4701,0.9997782725819959
4702,0.9986252227403937
4703,0.990742323436003
4704,0.999940885153415
4705,0.9874679839614818
4706,0.8441476577019854
4707,0.19795010375161295
4708,0.9997540672291277
4709,0.9994453242805706
4710,0.9988189323424191
4711,0.9997878076380388
4712,0.01292564127584995
4713,0.9655974229278818
4714,0.8737136150101611
4715,0.01104901296123717
4716,0.9999217968122076
4717,0.0009162466260422473
4718,0.9966158615361673
4719,0.9964801342803085
4720,0.0001783016578547945
4721,0.9942942710857378
4722,0.9511219382356979
4723,0.997409037567385
4724,0.9919567688465531
4725,0.9985132983908596
4726,0.8452222721950796
4727,0.0073567023508104065
4728,0.0010555939882346045
4729,0.020964479635607897
4730,0.00044883958437903337
4731,0.0004925424082460957
4732,0.9998367816802978
4733,0.8883437029141092
4734,0.9965675055767182
4735,0.9993919666267369
4736,0.9980051632925517
4737,0.006597875953419314
4738,0.9998170249349185
4739,0.0006943899486138583
4740,0.0006336818028715068
4741,0.9996752564768684
4742,0.9993849482155102
4743,0.00015888360001439428
4744,0.6463434347389916
4745,0.002178917962763642
4746,0.9877643459334069
4747,0.0013756517995272039
4748,0.06391003008481332
4749,0.012288467117806392
4750,0.9888641486755848
4751,0.96645564262781
4752,0.9826040504510539
4753,0.029505362727252266
4754,0.00017225389094457387
4755,0.9972459886604926
4756,0.122081781173847
4757,0.9980219392485458
4758,0.009523214768786066
4759,0.9994657138478696
4760,0.36184083236654824
4761,0.0002722877068639192
4762,0.9975236852684866
4763,0.00024093937486338541
4764,0.9912384231104682
4765,0.9999140214158656
4766,0.9998095906449554
4767,0.9984855456841369
4768,0.9936300908949173
4769,0.9963748013997812
4770,0.9898964067954642
4771,0.9971858932246488
4772,0.8528291751947453
4773,0.0023546777731388202
4774,0.754044349143587
4775,0.0033868662092103653
4776,0.009318849001371202
4777,0.9962474717814005
4778,0.9299716796735128
4779,0.0829399372353396
4780,0.38681246931078145
4781,0.00031003858811274313
4782,0.9993752388162768
4783,0.7850113998657234
4784,0.9978296942210034
4785,0.9026088583117179
4786,0.9910526275852684
4787,0.0004416016687762205
4788,0.004534116718999497
4789,3.509373843595739e-05
4790,0.9989428719913994
4791,0.002022967891375839
4792,0.08547843984265575
4793,0.9998729828316111
4794,0.9996277041933104
4795,0.9994932720909893
4796,0.9991109386274571
4797,0.9998929352402629
4798,0.9979647275155876
4799,0.0046253474470844096
4800,0.008795032087252783
4801,0.9993786921863249
4802,0.9999260911910143
4803,0.7136077732460681
4804,0.9992775138414874
4805,0.9435428545961176
4806,0.9977537718618359
4807,0.0007560922668932583
4808,0.9992258300336941
4809,0.0026725010798693254
4810,0.006407789987103394
4811,0.09271912315078658
4812,0.9998486553097575
4813,0.9990706387559307
4814,0.12910243113958622
4815,0.06259443107845651
4816,0.39485408588245413
4817,0.024605068187236047
4818,0.8011174572360121
4819,0.0006916792682605693
4820,0.929403611979092
4821,0.9167195096115639
4822,0.915222000628961
4823,0.7425326258592565
4824,0.9543651331077553
4825,0.999891470224928
4826,0.02690346541632503
4827,0.9993612376651686
4828,0.005383654545293982
4829,0.9997316073603494
4830,0.0025124677852726386
4831,0.010186120114361085
4832,8.794365657820304e-05
4833,0.9999020461707587
4834,0.9997863446874145
4835,0.9980908943785604
4836,0.9994994104534947
4837,0.9999505288591659
4838,0.1390952554387988
4839,0.006543462683252556
4840,0.022225861204197436
4841,0.05891622812794381
4842,0.9991788039837929
4843,0.9989096836383027
4844,0.9962252835291758
4845,0.9962814695737859
4846,0.0031393744380273374
4847,2.834662596393466e-05
4848,0.00035719122438760363
4849,0.9156515073885452
4850,0.9999174820918558
4851,0.9957885361466692
4852,0.01457868813099541
4853,0.9999251310257106
4854,0.9990427271379272
4855,0.9993794824657419
4856,0.00010073363164945937
4857,0.0016496129960308452
4858,0.9998762156748228
4859,0.81638372530236
4860,0.9952264346727552
4861,0.9997967364226965
4862,0.9967602547669716
4863,0.9997879337384636
4864,0.0005845898062593303
4865,0.9998508283109167
4866,0.0035411644895002718
4867,0.46162486846482875
4868,0.7993808445939797
4869,0.9158743132090941
4870,0.9886533384538072
4871,3.2399703885226336e-05
4872,0.08312157767583589
4873,0.995348463643647
4874,0.9984625414765029
4875,0.6387972685130522
4876,0.0011248000355727613
4877,0.9955264536047816
4878,0.0001731144250369779
4879,0.00020565967883498623
4880,0.9812119104715001
4881,0.9734632841640584
4882,0.9970219914931334
4883,0.9987309914805319
4884,0.7185077877395576
4885,0.002426958466837966
4886,0.0007723440290936217
4887,0.8706624875203193
4888,0.9990485780110331
4889,0.6839972533062796
4890,0.21844132907200592
4891,0.2883815487050956
4892,0.9974396589267897
4893,0.0003484002690159734
4894,0.9998064486226482
4895,0.9994332172488948
4896,0.9608854100804336
4897,0.002855662336296699
4898,0.9675347081355496
4899,0.00022835412681187147
4900,0.6390428440364648
4901,0.09128225767287039
4902,0.5422484107934443
4903,0.042982166092795135
4904,0.0017839764543541095
4905,0.022161870072009055
4906,0.0006934888276601555
4907,0.9877764894707314
4908,0.9999335867136139
4909,0.0025182119296519407
4910,0.5000571075796029
4911,0.9995106465167595
4912,0.995905565753938
4913,0.00019003905555071846
4914,0.9994470599956059
4915,0.8589077671322743
4916,0.9611902343771862
4917,0.01605626601928891
4918,0.9999608080391057
4919,0.0005625600826330195
4920,0.9999497317696636
4921,0.6828831599003748
4922,0.9957459309941677
4923,0.003034189078041367
4924,0.8626863357000802
4925,0.8617208576116616
4926,0.006520187072568931
4927,0.6040739484392732
4928,0.004150712203041079
4929,0.00027093570647341556
4930,0.9999230337558002
4931,0.028158832247882622
4932,0.11633376565813452
4933,0.011090107794958077
4934,0.9981786833133477
4935,0.9710412267129849
4936,0.013719652021860157
4937,0.9998530980899061
4938,0.004679725456012074
4939,0.9973977588336769
4940,0.9098577488567056
4941,0.0031341737583032154
4942,0.12096534945785531
4943,0.0120342641176359
4944,0.9996145898543383
4945,0.0016692583248303747
4946,0.9944678882696883
4947,0.9674057140017696
4948,0.9999039529942274
4949,0.2647849927741965
4950,0.9985316474227744
4951,0.9993922387444399
4952,0.9946102348002245
4953,0.019053188029088047
4954,0.9509667790540035
4955,0.0008445110853416109
4956,0.46718377127768335
4957,0.9997741683968876
4958,0.011816912423811476
4959,0.9996135786351937
4960,0.993215771441058
4961,0.9998820824403207
4962,0.0005411014475808607
4963,0.7017198308596488
4964,0.832105433239405
4965,0.00011539548445931768
4966,0.9962162265960236
4967,0.009378472620936275
4968,0.0003702184637360289
4969,6.427521195820698e-05
4970,0.0003823159424605317
4971,0.0436453074330911
4972,0.9920923760081329
4973,0.9997117252612618
4974,0.00031956606763834444
4975,0.9990316632026774
4976,0.45063991709973067
4977,0.9934818861753693
4978,0.4084917319544988
4979,0.04859711877300375
4980,0.002304285745878341
4981,0.9710288138213041
4982,0.9917362751211033
4983,0.9972233674000067
4984,0.9680026266142048
4985,0.003071125136355207
4986,0.00024432083510107463
4987,0.9998176010691103
4988,0.016806697654193573
4989,0.769321435720006
4990,0.004439857876379295
4991,0.0006602328851093055
4992,0.7786933731004128
4993,0.9987943744663963
4994,0.11754635337783487
4995,0.9997575048999233
4996,0.004780841704211233
4997,0.0022293638934717374
4998,0.2715062509910663
4999,2.805938338364726e-05
